timestamp,device_id,device_name,rssi,tx_power,internal_timestamp,time
2020-05-05 16:16:27.367,F395EC26-DDAA-40BE-2E55-A09A0F83E9FC,TestPhone2,-56.0,8.0,610402587.364622,0.0
2020-05-05 16:16:27.367,F395EC26-DDAA-40BE-2E55-A09A0F83E9FC,TestPhone2,-57.0,8.0,610402587.365833,0.0012110471725463867
2020-05-05 16:16:27.469,F395EC26-DDAA-40BE-2E55-A09A0F83E9FC,TestPhone2,-65.0,8.0,610402587.467523,0.10290098190307617
2020-05-05 16:16:27.502,F395EC26-DDAA-40BE-2E55-A09A0F83E9FC,TestPhone2,-56.0,8.0,610402587.500845,0.1362229585647583
2020-05-05 16:16:27.503,F395EC26-DDAA-40BE-2E55-A09A0F83E9FC,TestPhone2,-56.0,8.0,610402587.500891,0.1362689733505249
2020-05-05 16:16:27.536,F395EC26-DDAA-40BE-2E55-A09A0F83E9FC,TestPhone2,-69.0,8.0,610402587.534609,0.16998696327209473
2020-05-05 16:16:27.537,F395EC26-DDAA-40BE-2E55-A09A0F83E9FC,TestPhone2,-69.0,8.0,610402587.534648,0.17002594470977783
2020-05-05 16:16:27.567,F395EC26-DDAA-40BE-2E55-A09A0F83E9FC,TestPhone2,-66.0,8.0,610402587.566202,0.20158004760742188
2020-05-05 16:16:27.632,F395EC26-DDAA-40BE-2E55-A09A0F83E9FC,TestPhone2,-56.0,8.0,610402587.631337,0.26671504974365234
2020-05-05 16:16:27.633,F395EC26-DDAA-40BE-2E55-A09A0F83E9FC,TestPhone2,-56.0,8.0,610402587.631377,0.26675498485565186
2020-05-05 16:16:27.667,F395EC26-DDAA-40BE-2E55-A09A0F83E9FC,TestPhone2,-72.0,8.0,610402587.665927,0.30130505561828613
2020-05-05 16:16:27.668,F395EC26-DDAA-40BE-2E55-A09A0F83E9FC,TestPhone2,-72.0,8.0,610402587.66597,0.3013479709625244
2020-05-05 16:16:27.708,F395EC26-DDAA-40BE-2E55-A09A0F83E9FC,TestPhone2,-67.0,8.0,610402587.706548,0.3419259786605835
2020-05-05 16:16:27.709,F395EC26-DDAA-40BE-2E55-A09A0F83E9FC,TestPhone2,-67.0,8.0,610402587.706591,0.34196901321411133
2020-05-05 16:16:27.744,F395EC26-DDAA-40BE-2E55-A09A0F83E9FC,TestPhone2,-56.0,8.0,610402587.742772,0.37814998626708984
2020-05-05 16:16:27.745,F395EC26-DDAA-40BE-2E55-A09A0F83E9FC,TestPhone2,-56.0,8.0,610402587.742814,0.3781919479370117
2020-05-05 16:16:27.775,F395EC26-DDAA-40BE-2E55-A09A0F83E9FC,TestPhone2,-74.0,8.0,610402587.773363,0.4087409973144531
2020-05-05 16:16:27.776,F395EC26-DDAA-40BE-2E55-A09A0F83E9FC,TestPhone2,-74.0,8.0,610402587.77343,0.40880799293518066
2020-05-05 16:16:27.813,F395EC26-DDAA-40BE-2E55-A09A0F83E9FC,TestPhone2,-69.0,8.0,610402587.811245,0.44662296772003174
2020-05-05 16:16:27.813,F395EC26-DDAA-40BE-2E55-A09A0F83E9FC,TestPhone2,-69.0,8.0,610402587.811258,0.4466359615325928
2020-05-05 16:16:27.852,F395EC26-DDAA-40BE-2E55-A09A0F83E9FC,TestPhone2,-57.0,8.0,610402587.851408,0.48678600788116455
2020-05-05 16:16:27.889,F395EC26-DDAA-40BE-2E55-A09A0F83E9FC,TestPhone2,-82.0,8.0,610402587.888475,0.5238529443740845
2020-05-05 16:16:27.890,F395EC26-DDAA-40BE-2E55-A09A0F83E9FC,TestPhone2,-83.0,8.0,610402587.88851,0.5238879919052124
2020-05-05 16:16:27.925,F395EC26-DDAA-40BE-2E55-A09A0F83E9FC,TestPhone2,-70.0,8.0,610402587.923563,0.5589410066604614
2020-05-05 16:16:28.003,F395EC26-DDAA-40BE-2E55-A09A0F83E9FC,TestPhone2,-79.0,8.0,610402588.002284,0.6376620531082153
2020-05-05 16:16:28.004,F395EC26-DDAA-40BE-2E55-A09A0F83E9FC,TestPhone2,-79.0,8.0,610402588.00232,0.6376980543136597
2020-05-05 16:16:28.066,F395EC26-DDAA-40BE-2E55-A09A0F83E9FC,TestPhone2,-76.0,8.0,610402588.065357,0.7007349729537964
2020-05-05 16:16:28.067,F395EC26-DDAA-40BE-2E55-A09A0F83E9FC,TestPhone2,-76.0,8.0,610402588.065391,0.7007689476013184
2020-05-05 16:16:28.106,F395EC26-DDAA-40BE-2E55-A09A0F83E9FC,TestPhone2,-57.0,8.0,610402588.105152,0.7405300140380859
2020-05-05 16:16:28.107,F395EC26-DDAA-40BE-2E55-A09A0F83E9FC,TestPhone2,-57.0,8.0,610402588.105193,0.7405710220336914
2020-05-05 16:16:28.142,F395EC26-DDAA-40BE-2E55-A09A0F83E9FC,TestPhone2,-72.0,8.0,610402588.140964,0.7763420343399048
2020-05-05 16:16:28.143,F395EC26-DDAA-40BE-2E55-A09A0F83E9FC,TestPhone2,-72.0,8.0,610402588.141001,0.7763789892196655
2020-05-05 16:16:28.246,F395EC26-DDAA-40BE-2E55-A09A0F83E9FC,TestPhone2,-70.0,8.0,610402588.244557,0.8799350261688232
2020-05-05 16:16:28.246,F395EC26-DDAA-40BE-2E55-A09A0F83E9FC,TestPhone2,-70.0,8.0,610402588.24459,0.8799680471420288
2020-05-05 16:16:28.310,F395EC26-DDAA-40BE-2E55-A09A0F83E9FC,TestPhone2,-69.0,8.0,610402588.308722,0.944100022315979
2020-05-05 16:16:28.311,F395EC26-DDAA-40BE-2E55-A09A0F83E9FC,TestPhone2,-67.0,8.0,610402588.308762,0.9441399574279785
2020-05-05 16:16:28.410,F395EC26-DDAA-40BE-2E55-A09A0F83E9FC,TestPhone2,-67.0,8.0,610402588.408672,1.0440499782562256
2020-05-05 16:16:28.411,F395EC26-DDAA-40BE-2E55-A09A0F83E9FC,TestPhone2,-67.0,8.0,610402588.408712,1.0440900325775146
2020-05-05 16:16:28.708,F395EC26-DDAA-40BE-2E55-A09A0F83E9FC,TestPhone2,-55.0,8.0,610402588.706431,1.3418090343475342
2020-05-05 16:16:28.708,F395EC26-DDAA-40BE-2E55-A09A0F83E9FC,TestPhone2,-55.0,8.0,610402588.706473,1.341850996017456
2020-05-05 16:16:28.739,F395EC26-DDAA-40BE-2E55-A09A0F83E9FC,TestPhone2,-62.0,8.0,610402588.738401,1.373779058456421
2020-05-05 16:16:28.740,F395EC26-DDAA-40BE-2E55-A09A0F83E9FC,TestPhone2,-63.0,8.0,610402588.738436,1.3738139867782593
2020-05-05 16:16:28.865,F395EC26-DDAA-40BE-2E55-A09A0F83E9FC,TestPhone2,-61.0,8.0,610402588.864147,1.4995249509811401
2020-05-05 16:16:28.866,F395EC26-DDAA-40BE-2E55-A09A0F83E9FC,TestPhone2,-61.0,8.0,610402588.864182,1.499559998512268
2020-05-05 16:16:28.904,F395EC26-DDAA-40BE-2E55-A09A0F83E9FC,TestPhone2,-64.0,8.0,610402588.902502,1.5378799438476562
2020-05-05 16:16:28.904,F395EC26-DDAA-40BE-2E55-A09A0F83E9FC,TestPhone2,-64.0,8.0,610402588.90254,1.537917971611023
2020-05-05 16:16:28.934,F395EC26-DDAA-40BE-2E55-A09A0F83E9FC,TestPhone2,-57.0,8.0,610402588.932712,1.5680899620056152
2020-05-05 16:16:28.935,F395EC26-DDAA-40BE-2E55-A09A0F83E9FC,TestPhone2,-57.0,8.0,610402588.932748,1.5681259632110596
2020-05-05 16:16:29.003,F395EC26-DDAA-40BE-2E55-A09A0F83E9FC,TestPhone2,-62.0,8.0,610402589.001708,1.637086033821106
2020-05-05 16:16:29.004,F395EC26-DDAA-40BE-2E55-A09A0F83E9FC,TestPhone2,-63.0,8.0,610402589.001741,1.6371190547943115
2020-05-05 16:16:29.225,F395EC26-DDAA-40BE-2E55-A09A0F83E9FC,TestPhone2,-60.0,8.0,610402589.224277,1.8596550226211548
2020-05-05 16:16:29.226,F395EC26-DDAA-40BE-2E55-A09A0F83E9FC,TestPhone2,-60.0,8.0,610402589.224315,1.8596930503845215
2020-05-05 16:16:29.264,F395EC26-DDAA-40BE-2E55-A09A0F83E9FC,TestPhone2,-62.0,8.0,610402589.262615,1.8979929685592651
2020-05-05 16:16:29.265,F395EC26-DDAA-40BE-2E55-A09A0F83E9FC,TestPhone2,-63.0,8.0,610402589.263565,1.8989429473876953
2020-05-05 16:16:29.540,F395EC26-DDAA-40BE-2E55-A09A0F83E9FC,TestPhone2,-57.0,8.0,610402589.538806,2.174183964729309
2020-05-05 16:16:29.541,F395EC26-DDAA-40BE-2E55-A09A0F83E9FC,TestPhone2,-57.0,8.0,610402589.53884,2.1742180585861206
2020-05-05 16:16:29.649,F395EC26-DDAA-40BE-2E55-A09A0F83E9FC,TestPhone2,-58.0,8.0,610402589.647666,2.2830439805984497
2020-05-05 16:16:29.649,F395EC26-DDAA-40BE-2E55-A09A0F83E9FC,TestPhone2,-57.0,8.0,610402589.6477,2.2830779552459717
2020-05-05 16:16:29.727,F395EC26-DDAA-40BE-2E55-A09A0F83E9FC,TestPhone2,-65.0,8.0,610402589.726267,2.361644983291626
2020-05-05 16:16:29.794,F395EC26-DDAA-40BE-2E55-A09A0F83E9FC,TestPhone2,-61.0,8.0,610402589.793075,2.428452968597412
2020-05-05 16:16:29.795,F395EC26-DDAA-40BE-2E55-A09A0F83E9FC,TestPhone2,-61.0,8.0,610402589.794713,2.4300910234451294
2020-05-05 16:16:29.837,F395EC26-DDAA-40BE-2E55-A09A0F83E9FC,TestPhone2,-65.0,8.0,610402589.835919,2.471297025680542
2020-05-05 16:16:29.838,F395EC26-DDAA-40BE-2E55-A09A0F83E9FC,TestPhone2,-64.0,8.0,610402589.835952,2.4713300466537476
2020-05-05 16:16:29.869,F395EC26-DDAA-40BE-2E55-A09A0F83E9FC,TestPhone2,-57.0,8.0,610402589.867646,2.5030239820480347
2020-05-05 16:16:29.869,F395EC26-DDAA-40BE-2E55-A09A0F83E9FC,TestPhone2,-57.0,8.0,610402589.867682,2.503059983253479
2020-05-05 16:16:29.906,F395EC26-DDAA-40BE-2E55-A09A0F83E9FC,TestPhone2,-61.0,8.0,610402589.90471,2.5400880575180054
2020-05-05 16:16:29.907,F395EC26-DDAA-40BE-2E55-A09A0F83E9FC,TestPhone2,-61.0,8.0,610402589.904748,2.5401259660720825
2020-05-05 16:16:30.033,F395EC26-DDAA-40BE-2E55-A09A0F83E9FC,TestPhone2,-61.0,8.0,610402590.032159,2.667536973953247
2020-05-05 16:16:30.034,F395EC26-DDAA-40BE-2E55-A09A0F83E9FC,TestPhone2,-61.0,8.0,610402590.032191,2.6675690412521362
2020-05-05 16:16:30.132,F395EC26-DDAA-40BE-2E55-A09A0F83E9FC,TestPhone2,-58.0,8.0,610402590.131416,2.766793966293335
2020-05-05 16:16:30.133,F395EC26-DDAA-40BE-2E55-A09A0F83E9FC,TestPhone2,-59.0,8.0,610402590.131451,2.766829013824463
2020-05-05 16:16:30.165,F395EC26-DDAA-40BE-2E55-A09A0F83E9FC,TestPhone2,-60.0,8.0,610402590.163547,2.798925042152405
2020-05-05 16:16:30.165,F395EC26-DDAA-40BE-2E55-A09A0F83E9FC,TestPhone2,-60.0,8.0,610402590.16358,2.798957943916321
2020-05-05 16:16:30.197,F395EC26-DDAA-40BE-2E55-A09A0F83E9FC,TestPhone2,-64.0,8.0,610402590.196306,2.8316839933395386
2020-05-05 16:16:30.199,F395EC26-DDAA-40BE-2E55-A09A0F83E9FC,TestPhone2,-64.0,8.0,610402590.198119,2.8334970474243164
2020-05-05 16:16:30.232,F395EC26-DDAA-40BE-2E55-A09A0F83E9FC,TestPhone2,-59.0,8.0,610402590.23149,2.866868019104004
2020-05-05 16:16:30.233,F395EC26-DDAA-40BE-2E55-A09A0F83E9FC,TestPhone2,-59.0,8.0,610402590.231528,2.8669060468673706
2020-05-05 16:16:30.342,F395EC26-DDAA-40BE-2E55-A09A0F83E9FC,TestPhone2,-60.0,8.0,610402590.34024,2.975618004798889
2020-05-05 16:16:30.343,F395EC26-DDAA-40BE-2E55-A09A0F83E9FC,TestPhone2,-60.0,8.0,610402590.340282,2.975659966468811
2020-05-05 16:16:30.373,F395EC26-DDAA-40BE-2E55-A09A0F83E9FC,TestPhone2,-60.0,8.0,610402590.371574,3.0069520473480225
2020-05-05 16:16:30.374,F395EC26-DDAA-40BE-2E55-A09A0F83E9FC,TestPhone2,-60.0,8.0,610402590.371613,3.0069910287857056
2020-05-05 16:16:30.440,F395EC26-DDAA-40BE-2E55-A09A0F83E9FC,TestPhone2,-64.0,8.0,610402590.43924,3.0746179819107056
2020-05-05 16:16:30.442,F395EC26-DDAA-40BE-2E55-A09A0F83E9FC,TestPhone2,-64.0,8.0,610402590.441286,3.0766639709472656
2020-05-05 16:16:30.473,F395EC26-DDAA-40BE-2E55-A09A0F83E9FC,TestPhone2,-59.0,8.0,610402590.471485,3.106863021850586
2020-05-05 16:16:30.473,F395EC26-DDAA-40BE-2E55-A09A0F83E9FC,TestPhone2,-59.0,8.0,610402590.47156,3.1069380044937134
2020-05-05 16:16:30.645,F395EC26-DDAA-40BE-2E55-A09A0F83E9FC,TestPhone2,-58.0,8.0,610402590.643589,3.278967022895813
2020-05-05 16:16:30.711,F395EC26-DDAA-40BE-2E55-A09A0F83E9FC,TestPhone2,-59.0,8.0,610402590.710022,3.3453999757766724
2020-05-05 16:16:30.713,F395EC26-DDAA-40BE-2E55-A09A0F83E9FC,TestPhone2,-59.0,8.0,610402590.711669,3.347046971321106
2020-05-05 16:16:30.745,F395EC26-DDAA-40BE-2E55-A09A0F83E9FC,TestPhone2,-59.0,8.0,610402590.743552,3.3789299726486206
2020-05-05 16:16:30.745,F395EC26-DDAA-40BE-2E55-A09A0F83E9FC,TestPhone2,-58.0,8.0,610402590.74359,3.3789680004119873
2020-05-05 16:16:30.842,F395EC26-DDAA-40BE-2E55-A09A0F83E9FC,TestPhone2,-59.0,8.0,610402590.840549,3.475926995277405
2020-05-05 16:16:30.842,F395EC26-DDAA-40BE-2E55-A09A0F83E9FC,TestPhone2,-59.0,8.0,610402590.840586,3.4759639501571655
2020-05-05 16:16:30.878,F395EC26-DDAA-40BE-2E55-A09A0F83E9FC,TestPhone2,-58.0,8.0,610402590.876473,3.511850953102112
2020-05-05 16:16:30.879,F395EC26-DDAA-40BE-2E55-A09A0F83E9FC,TestPhone2,-58.0,8.0,610402590.877724,3.5131020545959473
2020-05-05 16:16:30.945,F395EC26-DDAA-40BE-2E55-A09A0F83E9FC,TestPhone2,-58.0,8.0,610402590.943677,3.5790549516677856
2020-05-05 16:16:30.946,F395EC26-DDAA-40BE-2E55-A09A0F83E9FC,TestPhone2,-59.0,8.0,610402590.94531,3.580687999725342
2020-05-05 16:16:31.011,F395EC26-DDAA-40BE-2E55-A09A0F83E9FC,TestPhone2,-58.0,8.0,610402591.010065,3.6454429626464844
2020-05-05 16:16:31.012,F395EC26-DDAA-40BE-2E55-A09A0F83E9FC,TestPhone2,-58.0,8.0,610402591.010098,3.64547598361969
2020-05-05 16:16:31.045,F395EC26-DDAA-40BE-2E55-A09A0F83E9FC,TestPhone2,-64.0,8.0,610402591.044155,3.679533004760742
2020-05-05 16:16:31.046,F395EC26-DDAA-40BE-2E55-A09A0F83E9FC,TestPhone2,-64.0,8.0,610402591.044188,3.6795660257339478
2020-05-05 16:16:31.084,F395EC26-DDAA-40BE-2E55-A09A0F83E9FC,TestPhone2,-58.0,8.0,610402591.082663,3.7180410623550415
2020-05-05 16:16:31.084,F395EC26-DDAA-40BE-2E55-A09A0F83E9FC,TestPhone2,-58.0,8.0,610402591.082717,3.7180949449539185
2020-05-05 16:16:31.118,F395EC26-DDAA-40BE-2E55-A09A0F83E9FC,TestPhone2,-59.0,8.0,610402591.117125,3.7525030374526978
2020-05-05 16:16:31.119,F395EC26-DDAA-40BE-2E55-A09A0F83E9FC,TestPhone2,-58.0,8.0,610402591.117158,3.7525360584259033
2020-05-05 16:16:31.154,F395EC26-DDAA-40BE-2E55-A09A0F83E9FC,TestPhone2,-65.0,8.0,610402591.153241,3.788619041442871
2020-05-05 16:16:31.155,F395EC26-DDAA-40BE-2E55-A09A0F83E9FC,TestPhone2,-65.0,8.0,610402591.153277,3.7886550426483154
2020-05-05 16:16:31.230,F395EC26-DDAA-40BE-2E55-A09A0F83E9FC,TestPhone2,-58.0,8.0,610402591.228569,3.863947033882141
2020-05-05 16:16:31.230,F395EC26-DDAA-40BE-2E55-A09A0F83E9FC,TestPhone2,-58.0,8.0,610402591.228605,3.8639830350875854
2020-05-05 16:16:31.269,F395EC26-DDAA-40BE-2E55-A09A0F83E9FC,TestPhone2,-65.0,8.0,610402591.267837,3.9032150506973267
2020-05-05 16:16:31.270,F395EC26-DDAA-40BE-2E55-A09A0F83E9FC,TestPhone2,-65.0,8.0,610402591.267873,3.903251051902771
2020-05-05 16:16:31.303,F395EC26-DDAA-40BE-2E55-A09A0F83E9FC,TestPhone2,-58.0,8.0,610402591.301328,3.9367059469223022
2020-05-05 16:16:31.304,F395EC26-DDAA-40BE-2E55-A09A0F83E9FC,TestPhone2,-58.0,8.0,610402591.301341,3.936719059944153
2020-05-05 16:16:31.344,F395EC26-DDAA-40BE-2E55-A09A0F83E9FC,TestPhone2,-58.0,8.0,610402591.342764,3.978142023086548
2020-05-05 16:16:31.345,F395EC26-DDAA-40BE-2E55-A09A0F83E9FC,TestPhone2,-59.0,8.0,610402591.342811,3.978188991546631
2020-05-05 16:16:31.412,F395EC26-DDAA-40BE-2E55-A09A0F83E9FC,TestPhone2,-65.0,8.0,610402591.410843,4.046221017837524
2020-05-05 16:16:31.413,F395EC26-DDAA-40BE-2E55-A09A0F83E9FC,TestPhone2,-65.0,8.0,610402591.410879,4.046257019042969
2020-05-05 16:16:31.446,F395EC26-DDAA-40BE-2E55-A09A0F83E9FC,TestPhone2,-58.0,8.0,610402591.445164,4.080541968345642
2020-05-05 16:16:31.447,F395EC26-DDAA-40BE-2E55-A09A0F83E9FC,TestPhone2,-58.0,8.0,610402591.445199,4.08057701587677
2020-05-05 16:16:31.477,F395EC26-DDAA-40BE-2E55-A09A0F83E9FC,TestPhone2,-58.0,8.0,610402591.476328,4.111706018447876
2020-05-05 16:16:31.478,F395EC26-DDAA-40BE-2E55-A09A0F83E9FC,TestPhone2,-58.0,8.0,610402591.476362,4.111739993095398
2020-05-05 16:16:31.508,F395EC26-DDAA-40BE-2E55-A09A0F83E9FC,TestPhone2,-64.0,8.0,610402591.50699,4.142367959022522
2020-05-05 16:16:31.509,F395EC26-DDAA-40BE-2E55-A09A0F83E9FC,TestPhone2,-64.0,8.0,610402591.507024,4.1424020528793335
2020-05-05 16:16:31.570,F395EC26-DDAA-40BE-2E55-A09A0F83E9FC,TestPhone2,-58.0,8.0,610402591.568919,4.204296946525574
2020-05-05 16:16:31.571,F395EC26-DDAA-40BE-2E55-A09A0F83E9FC,TestPhone2,-58.0,8.0,610402591.568953,4.204331040382385
2020-05-05 16:16:31.703,F395EC26-DDAA-40BE-2E55-A09A0F83E9FC,TestPhone2,-58.0,8.0,610402591.702173,4.33755099773407
2020-05-05 16:16:31.704,F395EC26-DDAA-40BE-2E55-A09A0F83E9FC,TestPhone2,-58.0,8.0,610402591.702209,4.337586998939514
2020-05-05 16:16:31.732,F395EC26-DDAA-40BE-2E55-A09A0F83E9FC,TestPhone2,-58.0,8.0,610402591.731315,4.366693019866943
2020-05-05 16:16:31.733,F395EC26-DDAA-40BE-2E55-A09A0F83E9FC,TestPhone2,-58.0,8.0,610402591.731351,4.366729021072388
2020-05-05 16:16:31.790,F395EC26-DDAA-40BE-2E55-A09A0F83E9FC,TestPhone2,-57.0,8.0,610402591.788329,4.423707008361816
2020-05-05 16:16:31.791,F395EC26-DDAA-40BE-2E55-A09A0F83E9FC,TestPhone2,-57.0,8.0,610402591.790014,4.425392031669617
2020-05-05 16:16:31.865,F395EC26-DDAA-40BE-2E55-A09A0F83E9FC,TestPhone2,-65.0,8.0,610402591.864071,4.499449014663696
2020-05-05 16:16:31.866,F395EC26-DDAA-40BE-2E55-A09A0F83E9FC,TestPhone2,-65.0,8.0,610402591.86411,4.499487996101379
2020-05-05 16:16:32.036,F395EC26-DDAA-40BE-2E55-A09A0F83E9FC,TestPhone2,-58.0,8.0,610402592.03517,4.670547962188721
2020-05-05 16:16:32.037,F395EC26-DDAA-40BE-2E55-A09A0F83E9FC,TestPhone2,-58.0,8.0,610402592.035205,4.670583009719849
2020-05-05 16:16:32.141,F395EC26-DDAA-40BE-2E55-A09A0F83E9FC,TestPhone2,-59.0,8.0,610402592.140251,4.775629043579102
2020-05-05 16:16:32.174,F395EC26-DDAA-40BE-2E55-A09A0F83E9FC,TestPhone2,-60.0,8.0,610402592.172723,4.808101058006287
2020-05-05 16:16:32.175,F395EC26-DDAA-40BE-2E55-A09A0F83E9FC,TestPhone2,-60.0,8.0,610402592.17276,4.808138012886047
2020-05-05 16:16:32.288,F395EC26-DDAA-40BE-2E55-A09A0F83E9FC,TestPhone2,-63.0,8.0,610402592.287252,4.922629952430725
2020-05-05 16:16:32.289,F395EC26-DDAA-40BE-2E55-A09A0F83E9FC,TestPhone2,-63.0,8.0,610402592.287286,4.922664046287537
2020-05-05 16:16:32.433,F395EC26-DDAA-40BE-2E55-A09A0F83E9FC,TestPhone2,-62.0,8.0,610402592.431417,5.066794991493225
2020-05-05 16:16:32.433,F395EC26-DDAA-40BE-2E55-A09A0F83E9FC,TestPhone2,-62.0,8.0,610402592.43145,5.066828012466431
2020-05-05 16:16:32.470,F395EC26-DDAA-40BE-2E55-A09A0F83E9FC,TestPhone2,-62.0,8.0,610402592.468774,5.104151964187622
2020-05-05 16:16:32.471,F395EC26-DDAA-40BE-2E55-A09A0F83E9FC,TestPhone2,-61.0,8.0,610402592.468787,5.104164958000183
2020-05-05 16:16:32.501,F395EC26-DDAA-40BE-2E55-A09A0F83E9FC,TestPhone2,-60.0,8.0,610402592.500249,5.135627031326294
2020-05-05 16:16:32.502,F395EC26-DDAA-40BE-2E55-A09A0F83E9FC,TestPhone2,-60.0,8.0,610402592.500284,5.135661959648132
2020-05-05 16:16:32.611,F395EC26-DDAA-40BE-2E55-A09A0F83E9FC,TestPhone2,-59.0,8.0,610402592.609692,5.245069980621338
2020-05-05 16:16:32.612,F395EC26-DDAA-40BE-2E55-A09A0F83E9FC,TestPhone2,-59.0,8.0,610402592.609728,5.245105981826782
2020-05-05 16:16:32.643,F395EC26-DDAA-40BE-2E55-A09A0F83E9FC,TestPhone2,-69.0,8.0,610402592.641637,5.277014970779419
2020-05-05 16:16:32.643,F395EC26-DDAA-40BE-2E55-A09A0F83E9FC,TestPhone2,-69.0,8.0,610402592.641671,5.277048945426941
2020-05-05 16:16:32.718,F395EC26-DDAA-40BE-2E55-A09A0F83E9FC,TestPhone2,-59.0,8.0,610402592.717069,5.352447032928467
2020-05-05 16:16:32.719,F395EC26-DDAA-40BE-2E55-A09A0F83E9FC,TestPhone2,-59.0,8.0,610402592.717104,5.352481961250305
2020-05-05 16:16:32.746,F395EC26-DDAA-40BE-2E55-A09A0F83E9FC,TestPhone2,-65.0,8.0,610402592.745173,5.380550980567932
2020-05-05 16:16:32.747,F395EC26-DDAA-40BE-2E55-A09A0F83E9FC,TestPhone2,-65.0,8.0,610402592.745209,5.3805869817733765
2020-05-05 16:16:32.888,F395EC26-DDAA-40BE-2E55-A09A0F83E9FC,TestPhone2,-60.0,8.0,610402592.887325,5.522703051567078
2020-05-05 16:16:32.889,F395EC26-DDAA-40BE-2E55-A09A0F83E9FC,TestPhone2,-60.0,8.0,610402592.887359,5.5227370262146
2020-05-05 16:16:33.124,F395EC26-DDAA-40BE-2E55-A09A0F83E9FC,TestPhone2,-79.0,8.0,610402593.122098,5.757475972175598
2020-05-05 16:16:33.157,F395EC26-DDAA-40BE-2E55-A09A0F83E9FC,TestPhone2,-59.0,8.0,610402593.155949,5.791326999664307
2020-05-05 16:16:33.158,F395EC26-DDAA-40BE-2E55-A09A0F83E9FC,TestPhone2,-59.0,8.0,610402593.155986,5.791363954544067
2020-05-05 16:16:33.194,F395EC26-DDAA-40BE-2E55-A09A0F83E9FC,TestPhone2,-71.0,8.0,610402593.192488,5.827865958213806
2020-05-05 16:16:33.194,F395EC26-DDAA-40BE-2E55-A09A0F83E9FC,TestPhone2,-71.0,8.0,610402593.192523,5.827901005744934
2020-05-05 16:16:33.227,F395EC26-DDAA-40BE-2E55-A09A0F83E9FC,TestPhone2,-63.0,8.0,610402593.226404,5.86178195476532
2020-05-05 16:16:33.228,F395EC26-DDAA-40BE-2E55-A09A0F83E9FC,TestPhone2,-63.0,8.0,610402593.226438,5.861816048622131
2020-05-05 16:16:33.366,F395EC26-DDAA-40BE-2E55-A09A0F83E9FC,TestPhone2,-65.0,8.0,610402593.365165,6.000542998313904
2020-05-05 16:16:33.367,F395EC26-DDAA-40BE-2E55-A09A0F83E9FC,TestPhone2,-66.0,8.0,610402593.365203,6.0005810260772705
2020-05-05 16:16:33.406,F395EC26-DDAA-40BE-2E55-A09A0F83E9FC,TestPhone2,-62.0,8.0,610402593.404649,6.040027022361755
2020-05-05 16:16:33.436,F395EC26-DDAA-40BE-2E55-A09A0F83E9FC,TestPhone2,-69.0,8.0,610402593.434613,6.0699909925460815
2020-05-05 16:16:33.437,F395EC26-DDAA-40BE-2E55-A09A0F83E9FC,TestPhone2,-69.0,8.0,610402593.43632,6.071697950363159
2020-05-05 16:16:33.474,F395EC26-DDAA-40BE-2E55-A09A0F83E9FC,TestPhone2,-62.0,8.0,610402593.472764,6.108142018318176
2020-05-05 16:16:33.475,F395EC26-DDAA-40BE-2E55-A09A0F83E9FC,TestPhone2,-62.0,8.0,610402593.472802,6.108180046081543
2020-05-05 16:16:33.508,F395EC26-DDAA-40BE-2E55-A09A0F83E9FC,TestPhone2,-58.0,8.0,610402593.506752,6.142130017280579
2020-05-05 16:16:33.508,F395EC26-DDAA-40BE-2E55-A09A0F83E9FC,TestPhone2,-58.0,8.0,610402593.506785,6.142163038253784
2020-05-05 16:16:33.612,F395EC26-DDAA-40BE-2E55-A09A0F83E9FC,TestPhone2,-61.0,8.0,610402593.611423,6.246801018714905
2020-05-05 16:16:33.613,F395EC26-DDAA-40BE-2E55-A09A0F83E9FC,TestPhone2,-62.0,8.0,610402593.611456,6.24683403968811
2020-05-05 16:16:33.646,F395EC26-DDAA-40BE-2E55-A09A0F83E9FC,TestPhone2,-58.0,8.0,610402593.644633,6.280011057853699
2020-05-05 16:16:33.646,F395EC26-DDAA-40BE-2E55-A09A0F83E9FC,TestPhone2,-58.0,8.0,610402593.644667,6.280045032501221
2020-05-05 16:16:33.712,F395EC26-DDAA-40BE-2E55-A09A0F83E9FC,TestPhone2,-62.0,8.0,610402593.711385,6.346763014793396
2020-05-05 16:16:33.713,F395EC26-DDAA-40BE-2E55-A09A0F83E9FC,TestPhone2,-62.0,8.0,610402593.711417,6.346794962882996
2020-05-05 16:16:33.746,F395EC26-DDAA-40BE-2E55-A09A0F83E9FC,TestPhone2,-57.0,8.0,610402593.744669,6.380046963691711
2020-05-05 16:16:33.747,F395EC26-DDAA-40BE-2E55-A09A0F83E9FC,TestPhone2,-57.0,8.0,610402593.744704,6.380082011222839
2020-05-05 16:16:33.926,F395EC26-DDAA-40BE-2E55-A09A0F83E9FC,TestPhone2,-60.0,8.0,610402593.925061,6.5604389905929565
2020-05-05 16:16:33.927,F395EC26-DDAA-40BE-2E55-A09A0F83E9FC,TestPhone2,-60.0,8.0,610402593.925095,6.5604729652404785
2020-05-05 16:16:33.956,F395EC26-DDAA-40BE-2E55-A09A0F83E9FC,TestPhone2,-66.0,8.0,610402593.954848,6.590226054191589
2020-05-05 16:16:33.957,F395EC26-DDAA-40BE-2E55-A09A0F83E9FC,TestPhone2,-66.0,8.0,610402593.954887,6.5902650356292725
2020-05-05 16:16:34.032,F395EC26-DDAA-40BE-2E55-A09A0F83E9FC,TestPhone2,-61.0,8.0,610402594.030778,6.666156053543091
2020-05-05 16:16:34.033,F395EC26-DDAA-40BE-2E55-A09A0F83E9FC,TestPhone2,-61.0,8.0,610402594.030814,6.666192054748535
2020-05-05 16:16:34.067,F395EC26-DDAA-40BE-2E55-A09A0F83E9FC,TestPhone2,-61.0,8.0,610402594.06646,6.70183801651001
2020-05-05 16:16:34.068,F395EC26-DDAA-40BE-2E55-A09A0F83E9FC,TestPhone2,-61.0,8.0,610402594.066502,6.701879978179932
2020-05-05 16:16:34.130,F395EC26-DDAA-40BE-2E55-A09A0F83E9FC,TestPhone2,-55.0,8.0,610402594.129325,6.764703035354614
2020-05-05 16:16:34.131,F395EC26-DDAA-40BE-2E55-A09A0F83E9FC,TestPhone2,-55.0,8.0,610402594.12936,6.764737963676453
2020-05-05 16:16:34.162,F395EC26-DDAA-40BE-2E55-A09A0F83E9FC,TestPhone2,-62.0,8.0,610402594.16048,6.795858025550842
2020-05-05 16:16:34.162,F395EC26-DDAA-40BE-2E55-A09A0F83E9FC,TestPhone2,-62.0,8.0,610402594.160516,6.795894026756287
2020-05-05 16:16:34.192,F395EC26-DDAA-40BE-2E55-A09A0F83E9FC,TestPhone2,-62.0,8.0,610402594.191429,6.826807022094727
2020-05-05 16:16:34.193,F395EC26-DDAA-40BE-2E55-A09A0F83E9FC,TestPhone2,-62.0,8.0,610402594.191479,6.826856970787048
2020-05-05 16:16:34.228,F395EC26-DDAA-40BE-2E55-A09A0F83E9FC,TestPhone2,-56.0,8.0,610402594.227287,6.862665057182312
2020-05-05 16:16:34.229,F395EC26-DDAA-40BE-2E55-A09A0F83E9FC,TestPhone2,-57.0,8.0,610402594.22732,6.862697958946228
2020-05-05 16:16:34.362,F395EC26-DDAA-40BE-2E55-A09A0F83E9FC,TestPhone2,-56.0,8.0,610402594.360897,6.996274948120117
2020-05-05 16:16:34.363,F395EC26-DDAA-40BE-2E55-A09A0F83E9FC,TestPhone2,-57.0,8.0,610402594.360953,6.996330976486206
2020-05-05 16:16:34.397,F395EC26-DDAA-40BE-2E55-A09A0F83E9FC,TestPhone2,-59.0,8.0,610402594.395851,7.031229019165039
2020-05-05 16:16:34.398,F395EC26-DDAA-40BE-2E55-A09A0F83E9FC,TestPhone2,-58.0,8.0,610402594.395895,7.031273007392883
2020-05-05 16:16:34.434,F395EC26-DDAA-40BE-2E55-A09A0F83E9FC,TestPhone2,-61.0,8.0,610402594.433493,7.068871021270752
2020-05-05 16:16:34.435,F395EC26-DDAA-40BE-2E55-A09A0F83E9FC,TestPhone2,-63.0,8.0,610402594.433526,7.0689040422439575
2020-05-05 16:16:34.472,F395EC26-DDAA-40BE-2E55-A09A0F83E9FC,TestPhone2,-56.0,8.0,610402594.470068,7.105445981025696
2020-05-05 16:16:34.473,F395EC26-DDAA-40BE-2E55-A09A0F83E9FC,TestPhone2,-56.0,8.0,610402594.472349,7.10772705078125
2020-05-05 16:16:34.508,F395EC26-DDAA-40BE-2E55-A09A0F83E9FC,TestPhone2,-57.0,8.0,610402594.506806,7.142184019088745
2020-05-05 16:16:34.510,F395EC26-DDAA-40BE-2E55-A09A0F83E9FC,TestPhone2,-57.0,8.0,610402594.508648,7.144026041030884
2020-05-05 16:16:34.542,F395EC26-DDAA-40BE-2E55-A09A0F83E9FC,TestPhone2,-67.0,8.0,610402594.540966,7.176344037055969
2020-05-05 16:16:34.543,F395EC26-DDAA-40BE-2E55-A09A0F83E9FC,TestPhone2,-67.0,8.0,610402594.541,7.176378011703491
2020-05-05 16:16:34.646,F395EC26-DDAA-40BE-2E55-A09A0F83E9FC,TestPhone2,-57.0,8.0,610402594.645415,7.280792951583862
2020-05-05 16:16:34.647,F395EC26-DDAA-40BE-2E55-A09A0F83E9FC,TestPhone2,-57.0,8.0,610402594.645447,7.2808250188827515
2020-05-05 16:16:34.684,F395EC26-DDAA-40BE-2E55-A09A0F83E9FC,TestPhone2,-61.0,8.0,610402594.6827,7.31807804107666
2020-05-05 16:16:34.685,F395EC26-DDAA-40BE-2E55-A09A0F83E9FC,TestPhone2,-61.0,8.0,610402594.682733,7.318111062049866
2020-05-05 16:16:34.721,F395EC26-DDAA-40BE-2E55-A09A0F83E9FC,TestPhone2,-55.0,8.0,610402594.71968,7.355057954788208
2020-05-05 16:16:34.722,F395EC26-DDAA-40BE-2E55-A09A0F83E9FC,TestPhone2,-54.0,8.0,610402594.719714,7.3550920486450195
2020-05-05 16:16:34.854,F395EC26-DDAA-40BE-2E55-A09A0F83E9FC,TestPhone2,-55.0,8.0,610402594.852973,7.488350987434387
2020-05-05 16:16:34.855,F395EC26-DDAA-40BE-2E55-A09A0F83E9FC,TestPhone2,-55.0,8.0,610402594.853005,7.488383054733276
2020-05-05 16:16:34.954,F395EC26-DDAA-40BE-2E55-A09A0F83E9FC,TestPhone2,-56.0,8.0,610402594.95256,7.587937951087952
2020-05-05 16:16:34.954,F395EC26-DDAA-40BE-2E55-A09A0F83E9FC,TestPhone2,-56.0,8.0,610402594.952593,7.587970972061157
2020-05-05 16:16:34.985,F395EC26-DDAA-40BE-2E55-A09A0F83E9FC,TestPhone2,-57.0,8.0,610402594.984329,7.619706988334656
2020-05-05 16:16:34.986,F395EC26-DDAA-40BE-2E55-A09A0F83E9FC,TestPhone2,-57.0,8.0,610402594.984367,7.6197450160980225
2020-05-05 16:16:35.055,F395EC26-DDAA-40BE-2E55-A09A0F83E9FC,TestPhone2,-56.0,8.0,610402595.05356,7.688938021659851
2020-05-05 16:16:35.056,F395EC26-DDAA-40BE-2E55-A09A0F83E9FC,TestPhone2,-56.0,8.0,610402595.053596,7.688974022865295
2020-05-05 16:16:35.089,F395EC26-DDAA-40BE-2E55-A09A0F83E9FC,TestPhone2,-57.0,8.0,610402595.088446,7.7238240242004395
2020-05-05 16:16:35.130,F395EC26-DDAA-40BE-2E55-A09A0F83E9FC,TestPhone2,-57.0,8.0,610402595.129098,7.76447606086731
2020-05-05 16:16:35.131,F395EC26-DDAA-40BE-2E55-A09A0F83E9FC,TestPhone2,-57.0,8.0,610402595.129134,7.764512062072754
2020-05-05 16:16:35.203,F395EC26-DDAA-40BE-2E55-A09A0F83E9FC,TestPhone2,-57.0,8.0,610402595.202235,7.837612986564636
2020-05-05 16:16:35.204,F395EC26-DDAA-40BE-2E55-A09A0F83E9FC,TestPhone2,-57.0,8.0,610402595.202273,7.837651014328003
2020-05-05 16:16:35.234,F395EC26-DDAA-40BE-2E55-A09A0F83E9FC,TestPhone2,-58.0,8.0,610402595.232642,7.868020057678223
2020-05-05 16:16:35.235,F395EC26-DDAA-40BE-2E55-A09A0F83E9FC,TestPhone2,-58.0,8.0,610402595.234289,7.869667053222656
2020-05-05 16:16:35.268,F395EC26-DDAA-40BE-2E55-A09A0F83E9FC,TestPhone2,-57.0,8.0,610402595.267273,7.902650952339172
2020-05-05 16:16:35.269,F395EC26-DDAA-40BE-2E55-A09A0F83E9FC,TestPhone2,-57.0,8.0,610402595.267307,7.902685046195984
2020-05-05 16:16:35.502,F395EC26-DDAA-40BE-2E55-A09A0F83E9FC,TestPhone2,-56.0,8.0,610402595.500711,8.136088967323303
2020-05-05 16:16:35.503,F395EC26-DDAA-40BE-2E55-A09A0F83E9FC,TestPhone2,-56.0,8.0,610402595.500746,8.136124014854431
2020-05-05 16:16:35.639,F395EC26-DDAA-40BE-2E55-A09A0F83E9FC,TestPhone2,-57.0,8.0,610402595.637734,8.273112058639526
2020-05-05 16:16:35.640,F395EC26-DDAA-40BE-2E55-A09A0F83E9FC,TestPhone2,-58.0,8.0,610402595.637786,8.27316403388977
2020-05-05 16:16:35.741,F395EC26-DDAA-40BE-2E55-A09A0F83E9FC,TestPhone2,-60.0,8.0,610402595.740168,8.375545978546143
2020-05-05 16:16:35.742,F395EC26-DDAA-40BE-2E55-A09A0F83E9FC,TestPhone2,-60.0,8.0,610402595.740204,8.375581979751587
2020-05-05 16:16:35.851,F395EC26-DDAA-40BE-2E55-A09A0F83E9FC,TestPhone2,-67.0,8.0,610402595.84843,8.483808040618896
2020-05-05 16:16:35.851,F395EC26-DDAA-40BE-2E55-A09A0F83E9FC,TestPhone2,-66.0,8.0,610402595.850173,8.485550999641418
2020-05-05 16:16:35.879,F395EC26-DDAA-40BE-2E55-A09A0F83E9FC,TestPhone2,-59.0,8.0,610402595.878011,8.513388991355896
2020-05-05 16:16:35.880,F395EC26-DDAA-40BE-2E55-A09A0F83E9FC,TestPhone2,-59.0,8.0,610402595.878045,8.513422966003418
2020-05-05 16:16:35.917,F395EC26-DDAA-40BE-2E55-A09A0F83E9FC,TestPhone2,-70.0,8.0,610402595.915573,8.55095100402832
2020-05-05 16:16:36.173,F395EC26-DDAA-40BE-2E55-A09A0F83E9FC,TestPhone2,-62.0,8.0,610402596.172141,8.80751895904541
2020-05-05 16:16:36.174,F395EC26-DDAA-40BE-2E55-A09A0F83E9FC,TestPhone2,-62.0,8.0,610402596.172177,8.807554960250854
2020-05-05 16:16:36.212,F395EC26-DDAA-40BE-2E55-A09A0F83E9FC,TestPhone2,-61.0,8.0,610402596.210737,8.846114993095398
2020-05-05 16:16:36.212,F395EC26-DDAA-40BE-2E55-A09A0F83E9FC,TestPhone2,-61.0,8.0,610402596.210771,8.84614896774292
2020-05-05 16:16:36.307,F395EC26-DDAA-40BE-2E55-A09A0F83E9FC,TestPhone2,-60.0,8.0,610402596.305952,8.941329956054688
2020-05-05 16:16:36.308,F395EC26-DDAA-40BE-2E55-A09A0F83E9FC,TestPhone2,-60.0,8.0,610402596.305995,8.941372990608215
2020-05-05 16:16:36.374,F395EC26-DDAA-40BE-2E55-A09A0F83E9FC,TestPhone2,-71.0,8.0,610402596.372668,9.00804603099823
2020-05-05 16:16:36.375,F395EC26-DDAA-40BE-2E55-A09A0F83E9FC,TestPhone2,-70.0,8.0,610402596.372709,9.008087038993835
2020-05-05 16:16:36.646,F395EC26-DDAA-40BE-2E55-A09A0F83E9FC,TestPhone2,-59.0,8.0,610402596.644658,9.280035972595215
2020-05-05 16:16:36.647,F395EC26-DDAA-40BE-2E55-A09A0F83E9FC,TestPhone2,-59.0,8.0,610402596.644695,9.280073046684265
2020-05-05 16:16:36.687,F395EC26-DDAA-40BE-2E55-A09A0F83E9FC,TestPhone2,-55.0,8.0,610402596.686293,9.32167100906372
2020-05-05 16:16:36.688,F395EC26-DDAA-40BE-2E55-A09A0F83E9FC,TestPhone2,-55.0,8.0,610402596.686328,9.321706056594849
2020-05-05 16:16:36.764,F395EC26-DDAA-40BE-2E55-A09A0F83E9FC,TestPhone2,-59.0,8.0,610402596.762979,9.398357033729553
2020-05-05 16:16:36.765,F395EC26-DDAA-40BE-2E55-A09A0F83E9FC,TestPhone2,-59.0,8.0,610402596.763011,9.398388981819153
2020-05-05 16:16:36.804,F395EC26-DDAA-40BE-2E55-A09A0F83E9FC,TestPhone2,-55.0,8.0,610402596.802869,9.438246965408325
2020-05-05 16:16:36.805,F395EC26-DDAA-40BE-2E55-A09A0F83E9FC,TestPhone2,-55.0,8.0,610402596.802905,9.43828296661377
2020-05-05 16:16:36.836,F395EC26-DDAA-40BE-2E55-A09A0F83E9FC,TestPhone2,-58.0,8.0,610402596.83517,9.470548033714294
2020-05-05 16:16:36.838,F395EC26-DDAA-40BE-2E55-A09A0F83E9FC,TestPhone2,-58.0,8.0,610402596.836825,9.472203016281128
2020-05-05 16:16:36.870,F395EC26-DDAA-40BE-2E55-A09A0F83E9FC,TestPhone2,-59.0,8.0,610402596.86936,9.504737973213196
2020-05-05 16:16:36.872,F395EC26-DDAA-40BE-2E55-A09A0F83E9FC,TestPhone2,-59.0,8.0,610402596.871017,9.506394982337952
2020-05-05 16:16:36.908,F395EC26-DDAA-40BE-2E55-A09A0F83E9FC,TestPhone2,-55.0,8.0,610402596.906714,9.542091965675354
2020-05-05 16:16:36.909,F395EC26-DDAA-40BE-2E55-A09A0F83E9FC,TestPhone2,-55.0,8.0,610402596.906772,9.542150020599365
2020-05-05 16:16:36.944,F395EC26-DDAA-40BE-2E55-A09A0F83E9FC,TestPhone2,-61.0,8.0,610402596.942657,9.57803499698639
2020-05-05 16:16:36.944,F395EC26-DDAA-40BE-2E55-A09A0F83E9FC,TestPhone2,-60.0,8.0,610402596.942691,9.578068971633911
2020-05-05 16:16:37.051,F395EC26-DDAA-40BE-2E55-A09A0F83E9FC,TestPhone2,-57.0,8.0,610402597.050344,9.68572199344635
2020-05-05 16:16:37.052,F395EC26-DDAA-40BE-2E55-A09A0F83E9FC,TestPhone2,-57.0,8.0,610402597.050381,9.68575894832611
2020-05-05 16:16:37.087,F395EC26-DDAA-40BE-2E55-A09A0F83E9FC,TestPhone2,-67.0,8.0,610402597.085713,9.721091032028198
2020-05-05 16:16:37.089,F395EC26-DDAA-40BE-2E55-A09A0F83E9FC,TestPhone2,-67.0,8.0,610402597.087656,9.723034024238586
2020-05-05 16:16:37.120,F395EC26-DDAA-40BE-2E55-A09A0F83E9FC,TestPhone2,-61.0,8.0,610402597.118007,9.753384947776794
2020-05-05 16:16:37.120,F395EC26-DDAA-40BE-2E55-A09A0F83E9FC,TestPhone2,-61.0,8.0,610402597.118019,9.753396987915039
2020-05-05 16:16:37.160,F395EC26-DDAA-40BE-2E55-A09A0F83E9FC,TestPhone2,-59.0,8.0,610402597.159203,9.794581055641174
2020-05-05 16:16:37.161,F395EC26-DDAA-40BE-2E55-A09A0F83E9FC,TestPhone2,-59.0,8.0,610402597.159247,9.794625043869019
2020-05-05 16:16:37.192,F395EC26-DDAA-40BE-2E55-A09A0F83E9FC,TestPhone2,-75.0,8.0,610402597.190508,9.825886011123657
2020-05-05 16:16:37.193,F395EC26-DDAA-40BE-2E55-A09A0F83E9FC,TestPhone2,-76.0,8.0,610402597.192097,9.82747495174408
2020-05-05 16:16:37.227,F395EC26-DDAA-40BE-2E55-A09A0F83E9FC,TestPhone2,-62.0,8.0,610402597.225893,9.861271023750305
2020-05-05 16:16:37.264,F395EC26-DDAA-40BE-2E55-A09A0F83E9FC,TestPhone2,-59.0,8.0,610402597.262882,9.898259997367859
2020-05-05 16:16:37.265,F395EC26-DDAA-40BE-2E55-A09A0F83E9FC,TestPhone2,-59.0,8.0,610402597.262917,9.898295044898987
2020-05-05 16:16:37.372,F395EC26-DDAA-40BE-2E55-A09A0F83E9FC,TestPhone2,-62.0,8.0,610402597.370968,10.006345987319946
2020-05-05 16:16:37.373,F395EC26-DDAA-40BE-2E55-A09A0F83E9FC,TestPhone2,-62.0,8.0,610402597.371003,10.006381034851074
2020-05-05 16:16:37.405,F395EC26-DDAA-40BE-2E55-A09A0F83E9FC,TestPhone2,-60.0,8.0,610402597.404259,10.039636969566345
2020-05-05 16:16:37.435,F395EC26-DDAA-40BE-2E55-A09A0F83E9FC,TestPhone2,-68.0,8.0,610402597.433744,10.069121956825256
2020-05-05 16:16:37.436,F395EC26-DDAA-40BE-2E55-A09A0F83E9FC,TestPhone2,-68.0,8.0,610402597.433778,10.069156050682068
2020-05-05 16:16:37.471,F395EC26-DDAA-40BE-2E55-A09A0F83E9FC,TestPhone2,-63.0,8.0,610402597.469691,10.105069041252136
2020-05-05 16:16:37.472,F395EC26-DDAA-40BE-2E55-A09A0F83E9FC,TestPhone2,-63.0,8.0,610402597.469729,10.105106949806213
2020-05-05 16:16:37.509,F395EC26-DDAA-40BE-2E55-A09A0F83E9FC,TestPhone2,-60.0,8.0,610402597.507865,10.143242955207825
2020-05-05 16:16:37.510,F395EC26-DDAA-40BE-2E55-A09A0F83E9FC,TestPhone2,-60.0,8.0,610402597.507899,10.143277049064636
2020-05-05 16:16:37.651,F395EC26-DDAA-40BE-2E55-A09A0F83E9FC,TestPhone2,-60.0,8.0,610402597.649962,10.285339951515198
2020-05-05 16:16:37.652,F395EC26-DDAA-40BE-2E55-A09A0F83E9FC,TestPhone2,-60.0,8.0,610402597.649991,10.285369038581848
2020-05-05 16:16:37.683,F395EC26-DDAA-40BE-2E55-A09A0F83E9FC,TestPhone2,-68.0,8.0,610402597.682414,10.317792057991028
2020-05-05 16:16:37.684,F395EC26-DDAA-40BE-2E55-A09A0F83E9FC,TestPhone2,-69.0,8.0,610402597.68245,10.317828059196472
2020-05-05 16:16:37.718,F395EC26-DDAA-40BE-2E55-A09A0F83E9FC,TestPhone2,-64.0,8.0,610402597.716681,10.352059006690979
2020-05-05 16:16:37.719,F395EC26-DDAA-40BE-2E55-A09A0F83E9FC,TestPhone2,-64.0,8.0,610402597.718458,10.353836059570312
2020-05-05 16:16:37.754,F395EC26-DDAA-40BE-2E55-A09A0F83E9FC,TestPhone2,-60.0,8.0,610402597.752676,10.388054013252258
2020-05-05 16:16:37.754,F395EC26-DDAA-40BE-2E55-A09A0F83E9FC,TestPhone2,-60.0,8.0,610402597.752711,10.388089060783386
2020-05-05 16:16:37.792,F395EC26-DDAA-40BE-2E55-A09A0F83E9FC,TestPhone2,-69.0,8.0,610402597.790973,10.426350951194763
2020-05-05 16:16:37.793,F395EC26-DDAA-40BE-2E55-A09A0F83E9FC,TestPhone2,-68.0,8.0,610402597.79101,10.426388025283813
2020-05-05 16:16:37.830,F395EC26-DDAA-40BE-2E55-A09A0F83E9FC,TestPhone2,-62.0,8.0,610402597.828765,10.46414303779602
2020-05-05 16:16:37.831,F395EC26-DDAA-40BE-2E55-A09A0F83E9FC,TestPhone2,-62.0,8.0,610402597.828804,10.464182019233704
2020-05-05 16:16:37.984,F395EC26-DDAA-40BE-2E55-A09A0F83E9FC,TestPhone2,-60.0,8.0,610402597.98292,10.618298053741455
2020-05-05 16:16:37.985,F395EC26-DDAA-40BE-2E55-A09A0F83E9FC,TestPhone2,-60.0,8.0,610402597.982955,10.618332982063293
2020-05-05 16:16:38.047,F395EC26-DDAA-40BE-2E55-A09A0F83E9FC,TestPhone2,-70.0,8.0,610402598.046381,10.681758999824524
2020-05-05 16:16:38.048,F395EC26-DDAA-40BE-2E55-A09A0F83E9FC,TestPhone2,-70.0,8.0,610402598.046415,10.681792974472046
2020-05-05 16:16:38.083,F395EC26-DDAA-40BE-2E55-A09A0F83E9FC,TestPhone2,-65.0,8.0,610402598.082287,10.717664957046509
2020-05-05 16:16:38.084,F395EC26-DDAA-40BE-2E55-A09A0F83E9FC,TestPhone2,-65.0,8.0,610402598.082323,10.717700958251953
2020-05-05 16:16:38.155,F395EC26-DDAA-40BE-2E55-A09A0F83E9FC,TestPhone2,-67.0,8.0,610402598.153889,10.78926694393158
2020-05-05 16:16:38.156,F395EC26-DDAA-40BE-2E55-A09A0F83E9FC,TestPhone2,-67.0,8.0,610402598.153926,10.78930401802063
2020-05-05 16:16:38.329,F395EC26-DDAA-40BE-2E55-A09A0F83E9FC,TestPhone2,-62.0,8.0,610402598.328409,10.963786959648132
2020-05-05 16:16:38.330,F395EC26-DDAA-40BE-2E55-A09A0F83E9FC,TestPhone2,-62.0,8.0,610402598.328454,10.963832020759583
2020-05-05 16:16:38.370,F395EC26-DDAA-40BE-2E55-A09A0F83E9FC,TestPhone2,-63.0,8.0,610402598.369264,11.004642009735107
2020-05-05 16:16:38.371,F395EC26-DDAA-40BE-2E55-A09A0F83E9FC,TestPhone2,-63.0,8.0,610402598.369298,11.00467598438263
2020-05-05 16:16:38.477,F395EC26-DDAA-40BE-2E55-A09A0F83E9FC,TestPhone2,-63.0,8.0,610402598.475541,11.110918998718262
2020-05-05 16:16:38.477,F395EC26-DDAA-40BE-2E55-A09A0F83E9FC,TestPhone2,-63.0,8.0,610402598.475575,11.110952973365784
2020-05-05 16:16:38.643,F395EC26-DDAA-40BE-2E55-A09A0F83E9FC,TestPhone2,-63.0,8.0,610402598.642372,11.277750015258789
2020-05-05 16:16:38.644,F395EC26-DDAA-40BE-2E55-A09A0F83E9FC,TestPhone2,-63.0,8.0,610402598.642407,11.277784943580627
2020-05-05 16:16:38.678,F395EC26-DDAA-40BE-2E55-A09A0F83E9FC,TestPhone2,-61.0,8.0,610402598.676229,11.311607003211975
2020-05-05 16:16:38.679,F395EC26-DDAA-40BE-2E55-A09A0F83E9FC,TestPhone2,-61.0,8.0,610402598.676242,11.311619997024536
2020-05-05 16:16:38.757,F395EC26-DDAA-40BE-2E55-A09A0F83E9FC,TestPhone2,-63.0,8.0,610402598.756416,11.391793966293335
2020-05-05 16:16:38.758,F395EC26-DDAA-40BE-2E55-A09A0F83E9FC,TestPhone2,-63.0,8.0,610402598.756451,11.391829013824463
2020-05-05 16:16:38.790,F395EC26-DDAA-40BE-2E55-A09A0F83E9FC,TestPhone2,-60.0,8.0,610402598.789146,11.424523949623108
2020-05-05 16:16:38.791,F395EC26-DDAA-40BE-2E55-A09A0F83E9FC,TestPhone2,-60.0,8.0,610402598.789181,11.424558997154236
2020-05-05 16:16:38.893,F395EC26-DDAA-40BE-2E55-A09A0F83E9FC,TestPhone2,-63.0,8.0,610402598.891386,11.526764035224915
2020-05-05 16:16:38.893,F395EC26-DDAA-40BE-2E55-A09A0F83E9FC,TestPhone2,-63.0,8.0,610402598.891431,11.526808977127075
2020-05-05 16:16:38.930,F395EC26-DDAA-40BE-2E55-A09A0F83E9FC,TestPhone2,-59.0,8.0,610402598.929323,11.564700961112976
2020-05-05 16:16:38.931,F395EC26-DDAA-40BE-2E55-A09A0F83E9FC,TestPhone2,-59.0,8.0,610402598.92936,11.564738035202026
2020-05-05 16:16:38.971,F395EC26-DDAA-40BE-2E55-A09A0F83E9FC,TestPhone2,-67.0,8.0,610402598.969468,11.604846000671387
2020-05-05 16:16:38.972,F395EC26-DDAA-40BE-2E55-A09A0F83E9FC,TestPhone2,-67.0,8.0,610402598.969482,11.604859948158264
2020-05-05 16:16:39.078,F395EC26-DDAA-40BE-2E55-A09A0F83E9FC,TestPhone2,-59.0,8.0,610402599.077404,11.71278202533722
2020-05-05 16:16:39.079,F395EC26-DDAA-40BE-2E55-A09A0F83E9FC,TestPhone2,-59.0,8.0,610402599.07744,11.712818026542664
2020-05-05 16:16:39.150,F395EC26-DDAA-40BE-2E55-A09A0F83E9FC,TestPhone2,-64.0,8.0,610402599.149,11.784378051757812
2020-05-05 16:16:39.151,F395EC26-DDAA-40BE-2E55-A09A0F83E9FC,TestPhone2,-64.0,8.0,610402599.149035,11.78441298007965
2020-05-05 16:16:39.191,F395EC26-DDAA-40BE-2E55-A09A0F83E9FC,TestPhone2,-59.0,8.0,610402599.18967,11.825047969818115
2020-05-05 16:16:39.191,F395EC26-DDAA-40BE-2E55-A09A0F83E9FC,TestPhone2,-59.0,8.0,610402599.189706,11.82508397102356
2020-05-05 16:16:39.229,F395EC26-DDAA-40BE-2E55-A09A0F83E9FC,TestPhone2,-69.0,8.0,610402599.227899,11.863276958465576
2020-05-05 16:16:39.230,F395EC26-DDAA-40BE-2E55-A09A0F83E9FC,TestPhone2,-69.0,8.0,610402599.227935,11.86331295967102
2020-05-05 16:16:39.302,F395EC26-DDAA-40BE-2E55-A09A0F83E9FC,TestPhone2,-58.0,8.0,610402599.300932,11.936310052871704
2020-05-05 16:16:39.303,F395EC26-DDAA-40BE-2E55-A09A0F83E9FC,TestPhone2,-58.0,8.0,610402599.300969,11.936347007751465
2020-05-05 16:16:39.335,F395EC26-DDAA-40BE-2E55-A09A0F83E9FC,TestPhone2,-69.0,8.0,610402599.333485,11.968863010406494
2020-05-05 16:16:39.336,F395EC26-DDAA-40BE-2E55-A09A0F83E9FC,TestPhone2,-69.0,8.0,610402599.333527,11.968904972076416
2020-05-05 16:16:39.397,F395EC26-DDAA-40BE-2E55-A09A0F83E9FC,TestPhone2,-63.0,8.0,610402599.395667,12.031044960021973
2020-05-05 16:16:39.399,F395EC26-DDAA-40BE-2E55-A09A0F83E9FC,TestPhone2,-63.0,8.0,610402599.397737,12.033115029335022
2020-05-05 16:16:39.471,F395EC26-DDAA-40BE-2E55-A09A0F83E9FC,TestPhone2,-68.0,8.0,610402599.470343,12.10572099685669
2020-05-05 16:16:39.472,F395EC26-DDAA-40BE-2E55-A09A0F83E9FC,TestPhone2,-68.0,8.0,610402599.470376,12.105754017829895
2020-05-05 16:16:39.501,F395EC26-DDAA-40BE-2E55-A09A0F83E9FC,TestPhone2,-64.0,8.0,610402599.500233,12.135611057281494
2020-05-05 16:16:39.502,F395EC26-DDAA-40BE-2E55-A09A0F83E9FC,TestPhone2,-64.0,8.0,610402599.500269,12.135647058486938
2020-05-05 16:16:39.536,F395EC26-DDAA-40BE-2E55-A09A0F83E9FC,TestPhone2,-57.0,8.0,610402599.534692,12.170070052146912
2020-05-05 16:16:39.536,F395EC26-DDAA-40BE-2E55-A09A0F83E9FC,TestPhone2,-57.0,8.0,610402599.534725,12.170102953910828
2020-05-05 16:16:39.577,F395EC26-DDAA-40BE-2E55-A09A0F83E9FC,TestPhone2,-68.0,8.0,610402599.575735,12.211112976074219
2020-05-05 16:16:39.651,F395EC26-DDAA-40BE-2E55-A09A0F83E9FC,TestPhone2,-57.0,8.0,610402599.649645,12.285022974014282
2020-05-05 16:16:39.651,F395EC26-DDAA-40BE-2E55-A09A0F83E9FC,TestPhone2,-57.0,8.0,610402599.649686,12.285063982009888
2020-05-05 16:16:39.692,F395EC26-DDAA-40BE-2E55-A09A0F83E9FC,TestPhone2,-68.0,8.0,610402599.690447,12.325824975967407
2020-05-05 16:16:39.692,F395EC26-DDAA-40BE-2E55-A09A0F83E9FC,TestPhone2,-68.0,8.0,610402599.690495,12.325873017311096
2020-05-05 16:16:39.755,F395EC26-DDAA-40BE-2E55-A09A0F83E9FC,TestPhone2,-63.0,8.0,610402599.753663,12.38904094696045
2020-05-05 16:16:39.786,F395EC26-DDAA-40BE-2E55-A09A0F83E9FC,TestPhone2,-57.0,8.0,610402599.78538,12.42075800895691
2020-05-05 16:16:39.787,F395EC26-DDAA-40BE-2E55-A09A0F83E9FC,TestPhone2,-57.0,8.0,610402599.785414,12.420791983604431
2020-05-05 16:16:39.828,F395EC26-DDAA-40BE-2E55-A09A0F83E9FC,TestPhone2,-68.0,8.0,610402599.826819,12.462196946144104
2020-05-05 16:16:39.829,F395EC26-DDAA-40BE-2E55-A09A0F83E9FC,TestPhone2,-68.0,8.0,610402599.826857,12.46223497390747
2020-05-05 16:16:39.905,F395EC26-DDAA-40BE-2E55-A09A0F83E9FC,TestPhone2,-64.0,8.0,610402599.891331,12.526708960533142
2020-05-05 16:16:39.906,F395EC26-DDAA-40BE-2E55-A09A0F83E9FC,TestPhone2,-64.0,8.0,610402599.891351,12.526728987693787
2020-05-05 16:16:39.927,F395EC26-DDAA-40BE-2E55-A09A0F83E9FC,TestPhone2,-64.0,8.0,610402599.925735,12.561112999916077
2020-05-05 16:16:40.140,F395EC26-DDAA-40BE-2E55-A09A0F83E9FC,TestPhone2,-66.0,8.0,610402600.13916,12.774538040161133
2020-05-05 16:16:40.141,F395EC26-DDAA-40BE-2E55-A09A0F83E9FC,TestPhone2,-67.0,8.0,610402600.139197,12.774574995040894
2020-05-05 16:16:40.174,F395EC26-DDAA-40BE-2E55-A09A0F83E9FC,TestPhone2,-63.0,8.0,610402600.172716,12.808094024658203
2020-05-05 16:16:40.175,F395EC26-DDAA-40BE-2E55-A09A0F83E9FC,TestPhone2,-63.0,8.0,610402600.172756,12.808133959770203
2020-05-05 16:16:40.214,F395EC26-DDAA-40BE-2E55-A09A0F83E9FC,TestPhone2,-56.0,8.0,610402600.213476,12.848853945732117
2020-05-05 16:16:40.215,F395EC26-DDAA-40BE-2E55-A09A0F83E9FC,TestPhone2,-56.0,8.0,610402600.213531,12.84890902042389
2020-05-05 16:16:40.251,F395EC26-DDAA-40BE-2E55-A09A0F83E9FC,TestPhone2,-67.0,8.0,610402600.249776,12.885154008865356
2020-05-05 16:16:40.252,F395EC26-DDAA-40BE-2E55-A09A0F83E9FC,TestPhone2,-67.0,8.0,610402600.249809,12.885187029838562
2020-05-05 16:16:40.282,F395EC26-DDAA-40BE-2E55-A09A0F83E9FC,TestPhone2,-63.0,8.0,610402600.281402,12.9167799949646
2020-05-05 16:16:40.283,F395EC26-DDAA-40BE-2E55-A09A0F83E9FC,TestPhone2,-64.0,8.0,610402600.281437,12.916815042495728
2020-05-05 16:16:40.392,F395EC26-DDAA-40BE-2E55-A09A0F83E9FC,TestPhone2,-66.0,8.0,610402600.390436,13.025814056396484
2020-05-05 16:16:40.392,F395EC26-DDAA-40BE-2E55-A09A0F83E9FC,TestPhone2,-66.0,8.0,610402600.390472,13.025850057601929
2020-05-05 16:16:40.462,F395EC26-DDAA-40BE-2E55-A09A0F83E9FC,TestPhone2,-56.0,8.0,610402600.461157,13.096534967422485
2020-05-05 16:16:40.463,F395EC26-DDAA-40BE-2E55-A09A0F83E9FC,TestPhone2,-56.0,8.0,610402600.461193,13.09657096862793
2020-05-05 16:16:40.495,F395EC26-DDAA-40BE-2E55-A09A0F83E9FC,TestPhone2,-66.0,8.0,610402600.494163,13.129541039466858
2020-05-05 16:16:40.496,F395EC26-DDAA-40BE-2E55-A09A0F83E9FC,TestPhone2,-66.0,8.0,610402600.494198,13.129575967788696
2020-05-05 16:16:40.736,F395EC26-DDAA-40BE-2E55-A09A0F83E9FC,TestPhone2,-66.0,8.0,610402600.73539,13.370767951011658
2020-05-05 16:16:40.737,F395EC26-DDAA-40BE-2E55-A09A0F83E9FC,TestPhone2,-66.0,8.0,610402600.735423,13.370800971984863
2020-05-05 16:16:40.853,F395EC26-DDAA-40BE-2E55-A09A0F83E9FC,TestPhone2,-65.0,8.0,610402600.85154,13.486917972564697
2020-05-05 16:16:40.854,F395EC26-DDAA-40BE-2E55-A09A0F83E9FC,TestPhone2,-65.0,8.0,610402600.853203,13.48858106136322
2020-05-05 16:16:40.967,F395EC26-DDAA-40BE-2E55-A09A0F83E9FC,TestPhone2,-65.0,8.0,610402600.966362,13.601740002632141
2020-05-05 16:16:40.968,F395EC26-DDAA-40BE-2E55-A09A0F83E9FC,TestPhone2,-65.0,8.0,610402600.966397,13.601775050163269
2020-05-05 16:16:41.069,F395EC26-DDAA-40BE-2E55-A09A0F83E9FC,TestPhone2,-57.0,8.0,610402601.067257,13.702635049819946
2020-05-05 16:16:41.069,F395EC26-DDAA-40BE-2E55-A09A0F83E9FC,TestPhone2,-57.0,8.0,610402601.067303,13.702680945396423
2020-05-05 16:16:41.102,F395EC26-DDAA-40BE-2E55-A09A0F83E9FC,TestPhone2,-66.0,8.0,610402601.101288,13.736665964126587
2020-05-05 16:16:41.103,F395EC26-DDAA-40BE-2E55-A09A0F83E9FC,TestPhone2,-66.0,8.0,610402601.101323,13.736701011657715
2020-05-05 16:16:41.136,F395EC26-DDAA-40BE-2E55-A09A0F83E9FC,TestPhone2,-65.0,8.0,610402601.135235,13.770612955093384
2020-05-05 16:16:41.137,F395EC26-DDAA-40BE-2E55-A09A0F83E9FC,TestPhone2,-65.0,8.0,610402601.135269,13.770647048950195
2020-05-05 16:16:41.176,F395EC26-DDAA-40BE-2E55-A09A0F83E9FC,TestPhone2,-56.0,8.0,610402601.17499,13.810368061065674
2020-05-05 16:16:41.177,F395EC26-DDAA-40BE-2E55-A09A0F83E9FC,TestPhone2,-56.0,8.0,610402601.175025,13.810402989387512
2020-05-05 16:16:41.348,F395EC26-DDAA-40BE-2E55-A09A0F83E9FC,TestPhone2,-67.0,8.0,610402601.3471,13.982478022575378
2020-05-05 16:16:41.349,F395EC26-DDAA-40BE-2E55-A09A0F83E9FC,TestPhone2,-67.0,8.0,610402601.347149,13.982527017593384
2020-05-05 16:16:41.383,F395EC26-DDAA-40BE-2E55-A09A0F83E9FC,TestPhone2,-62.0,8.0,610402601.381771,14.017148971557617
2020-05-05 16:16:41.385,F395EC26-DDAA-40BE-2E55-A09A0F83E9FC,TestPhone2,-62.0,8.0,610402601.383741,14.019119024276733
2020-05-05 16:16:41.423,F395EC26-DDAA-40BE-2E55-A09A0F83E9FC,TestPhone2,-57.0,8.0,610402601.422175,14.057553052902222
2020-05-05 16:16:41.424,F395EC26-DDAA-40BE-2E55-A09A0F83E9FC,TestPhone2,-57.0,8.0,610402601.422215,14.057592988014221
2020-05-05 16:16:41.458,F395EC26-DDAA-40BE-2E55-A09A0F83E9FC,TestPhone2,-68.0,8.0,610402601.456966,14.092344045639038
2020-05-05 16:16:41.459,F395EC26-DDAA-40BE-2E55-A09A0F83E9FC,TestPhone2,-68.0,8.0,610402601.457,14.09237802028656
2020-05-05 16:16:41.588,F395EC26-DDAA-40BE-2E55-A09A0F83E9FC,TestPhone2,-67.0,8.0,610402601.586856,14.222234010696411
2020-05-05 16:16:41.589,F395EC26-DDAA-40BE-2E55-A09A0F83E9FC,TestPhone2,-67.0,8.0,610402601.586889,14.222267031669617
2020-05-05 16:16:41.618,F395EC26-DDAA-40BE-2E55-A09A0F83E9FC,TestPhone2,-62.0,8.0,610402601.617252,14.25262999534607
2020-05-05 16:16:41.619,F395EC26-DDAA-40BE-2E55-A09A0F83E9FC,TestPhone2,-62.0,8.0,610402601.617292,14.252670049667358
2020-05-05 16:16:41.651,F395EC26-DDAA-40BE-2E55-A09A0F83E9FC,TestPhone2,-56.0,8.0,610402601.649652,14.285030007362366
2020-05-05 16:16:41.651,F395EC26-DDAA-40BE-2E55-A09A0F83E9FC,TestPhone2,-56.0,8.0,610402601.649689,14.285066962242126
2020-05-05 16:16:41.683,F395EC26-DDAA-40BE-2E55-A09A0F83E9FC,TestPhone2,-67.0,8.0,610402601.681746,14.317124009132385
2020-05-05 16:16:41.684,F395EC26-DDAA-40BE-2E55-A09A0F83E9FC,TestPhone2,-67.0,8.0,610402601.681784,14.317162036895752
2020-05-05 16:16:41.749,F395EC26-DDAA-40BE-2E55-A09A0F83E9FC,TestPhone2,-63.0,8.0,610402601.747666,14.383044004440308
2020-05-05 16:16:41.749,F395EC26-DDAA-40BE-2E55-A09A0F83E9FC,TestPhone2,-63.0,8.0,610402601.747701,14.383079051971436
2020-05-05 16:16:41.784,F395EC26-DDAA-40BE-2E55-A09A0F83E9FC,TestPhone2,-56.0,8.0,610402601.78336,14.418738007545471
2020-05-05 16:16:41.785,F395EC26-DDAA-40BE-2E55-A09A0F83E9FC,TestPhone2,-56.0,8.0,610402601.7834,14.41877806186676
2020-05-05 16:16:41.821,F395EC26-DDAA-40BE-2E55-A09A0F83E9FC,TestPhone2,-69.0,8.0,610402601.819478,14.454856038093567
2020-05-05 16:16:41.821,F395EC26-DDAA-40BE-2E55-A09A0F83E9FC,TestPhone2,-69.0,8.0,610402601.819512,14.454890012741089
2020-05-05 16:16:41.854,F395EC26-DDAA-40BE-2E55-A09A0F83E9FC,TestPhone2,-64.0,8.0,610402601.853212,14.488590002059937
2020-05-05 16:16:41.855,F395EC26-DDAA-40BE-2E55-A09A0F83E9FC,TestPhone2,-63.0,8.0,610402601.853249,14.488626956939697
2020-05-05 16:16:41.888,F395EC26-DDAA-40BE-2E55-A09A0F83E9FC,TestPhone2,-56.0,8.0,610402601.8872,14.522578001022339
2020-05-05 16:16:41.889,F395EC26-DDAA-40BE-2E55-A09A0F83E9FC,TestPhone2,-56.0,8.0,610402601.887235,14.522613048553467
2020-05-05 16:16:42.026,F395EC26-DDAA-40BE-2E55-A09A0F83E9FC,TestPhone2,-56.0,8.0,610402602.0242,14.65957796573639
2020-05-05 16:16:42.027,F395EC26-DDAA-40BE-2E55-A09A0F83E9FC,TestPhone2,-57.0,8.0,610402602.02598,14.661357998847961
2020-05-05 16:16:42.064,F395EC26-DDAA-40BE-2E55-A09A0F83E9FC,TestPhone2,-67.0,8.0,610402602.062588,14.69796597957611
2020-05-05 16:16:42.065,F395EC26-DDAA-40BE-2E55-A09A0F83E9FC,TestPhone2,-68.0,8.0,610402602.063707,14.699084997177124
2020-05-05 16:16:42.134,F395EC26-DDAA-40BE-2E55-A09A0F83E9FC,TestPhone2,-56.0,8.0,610402602.132358,14.767735958099365
2020-05-05 16:16:42.135,F395EC26-DDAA-40BE-2E55-A09A0F83E9FC,TestPhone2,-56.0,8.0,610402602.134086,14.769464015960693
2020-05-05 16:16:42.167,F395EC26-DDAA-40BE-2E55-A09A0F83E9FC,TestPhone2,-68.0,8.0,610402602.165951,14.801329016685486
2020-05-05 16:16:42.168,F395EC26-DDAA-40BE-2E55-A09A0F83E9FC,TestPhone2,-68.0,8.0,610402602.166025,14.801403045654297
2020-05-05 16:16:42.226,F395EC26-DDAA-40BE-2E55-A09A0F83E9FC,TestPhone2,-63.0,8.0,610402602.224906,14.860283970832825
2020-05-05 16:16:42.266,F395EC26-DDAA-40BE-2E55-A09A0F83E9FC,TestPhone2,-56.0,8.0,610402602.264743,14.900120973587036
2020-05-05 16:16:42.267,F395EC26-DDAA-40BE-2E55-A09A0F83E9FC,TestPhone2,-56.0,8.0,610402602.264787,14.90016496181488
2020-05-05 16:16:42.297,F395EC26-DDAA-40BE-2E55-A09A0F83E9FC,TestPhone2,-68.0,8.0,610402602.296421,14.931799054145813
2020-05-05 16:16:42.298,F395EC26-DDAA-40BE-2E55-A09A0F83E9FC,TestPhone2,-68.0,8.0,610402602.296462,14.931840062141418
2020-05-05 16:16:42.359,F395EC26-DDAA-40BE-2E55-A09A0F83E9FC,TestPhone2,-57.0,8.0,610402602.35835,14.993728041648865
2020-05-05 16:16:42.460,F395EC26-DDAA-40BE-2E55-A09A0F83E9FC,TestPhone2,-62.0,8.0,610402602.458896,15.094274044036865
2020-05-05 16:16:42.501,F395EC26-DDAA-40BE-2E55-A09A0F83E9FC,TestPhone2,-57.0,8.0,610402602.49983,15.135208010673523
2020-05-05 16:16:42.502,F395EC26-DDAA-40BE-2E55-A09A0F83E9FC,TestPhone2,-56.0,8.0,610402602.499879,15.135257005691528
2020-05-05 16:16:42.573,F395EC26-DDAA-40BE-2E55-A09A0F83E9FC,TestPhone2,-61.0,8.0,610402602.572335,15.207713007926941
2020-05-05 16:16:42.574,F395EC26-DDAA-40BE-2E55-A09A0F83E9FC,TestPhone2,-61.0,8.0,610402602.572373,15.207751035690308
2020-05-05 16:16:42.643,F395EC26-DDAA-40BE-2E55-A09A0F83E9FC,TestPhone2,-67.0,8.0,610402602.641416,15.276793956756592
2020-05-05 16:16:42.644,F395EC26-DDAA-40BE-2E55-A09A0F83E9FC,TestPhone2,-67.0,8.0,610402602.64143,15.276808023452759
2020-05-05 16:16:42.828,F395EC26-DDAA-40BE-2E55-A09A0F83E9FC,TestPhone2,-62.0,8.0,610402602.827235,15.462612986564636
2020-05-05 16:16:42.829,F395EC26-DDAA-40BE-2E55-A09A0F83E9FC,TestPhone2,-62.0,8.0,610402602.827281,15.462659001350403
2020-05-05 16:16:42.908,F395EC26-DDAA-40BE-2E55-A09A0F83E9FC,TestPhone2,-67.0,8.0,610402602.906829,15.54220700263977
2020-05-05 16:16:42.909,F395EC26-DDAA-40BE-2E55-A09A0F83E9FC,TestPhone2,-67.0,8.0,610402602.906867,15.542245030403137
2020-05-05 16:16:42.937,F395EC26-DDAA-40BE-2E55-A09A0F83E9FC,TestPhone2,-62.0,8.0,610402602.936197,15.571575045585632
2020-05-05 16:16:42.939,F395EC26-DDAA-40BE-2E55-A09A0F83E9FC,TestPhone2,-62.0,8.0,610402602.938091,15.573469042778015
2020-05-05 16:16:42.976,F395EC26-DDAA-40BE-2E55-A09A0F83E9FC,TestPhone2,-56.0,8.0,610402602.975064,15.610442042350769
2020-05-05 16:16:42.977,F395EC26-DDAA-40BE-2E55-A09A0F83E9FC,TestPhone2,-56.0,8.0,610402602.9751,15.610478043556213
2020-05-05 16:16:43.106,F395EC26-DDAA-40BE-2E55-A09A0F83E9FC,TestPhone2,-56.0,8.0,610402603.104694,15.740072011947632
2020-05-05 16:16:43.107,F395EC26-DDAA-40BE-2E55-A09A0F83E9FC,TestPhone2,-56.0,8.0,610402603.104735,15.740113019943237
2020-05-05 16:16:43.145,F395EC26-DDAA-40BE-2E55-A09A0F83E9FC,TestPhone2,-67.0,8.0,610402603.143778,15.779155969619751
2020-05-05 16:16:43.146,F395EC26-DDAA-40BE-2E55-A09A0F83E9FC,TestPhone2,-67.0,8.0,610402603.143813,15.779191017150879
2020-05-05 16:16:43.204,F395EC26-DDAA-40BE-2E55-A09A0F83E9FC,TestPhone2,-56.0,8.0,610402603.203417,15.838794946670532
2020-05-05 16:16:43.205,F395EC26-DDAA-40BE-2E55-A09A0F83E9FC,TestPhone2,-56.0,8.0,610402603.203452,15.83882999420166
2020-05-05 16:16:43.270,F395EC26-DDAA-40BE-2E55-A09A0F83E9FC,TestPhone2,-66.0,8.0,610402603.269332,15.904710054397583
2020-05-05 16:16:43.271,F395EC26-DDAA-40BE-2E55-A09A0F83E9FC,TestPhone2,-66.0,8.0,610402603.269368,15.904746055603027
2020-05-05 16:16:43.413,F395EC26-DDAA-40BE-2E55-A09A0F83E9FC,TestPhone2,-61.0,8.0,610402603.412393,16.047770977020264
2020-05-05 16:16:43.492,F395EC26-DDAA-40BE-2E55-A09A0F83E9FC,TestPhone2,-66.0,8.0,610402603.490672,16.126049995422363
2020-05-05 16:16:43.493,F395EC26-DDAA-40BE-2E55-A09A0F83E9FC,TestPhone2,-66.0,8.0,610402603.491894,16.12727200984955
2020-05-05 16:16:43.554,F395EC26-DDAA-40BE-2E55-A09A0F83E9FC,TestPhone2,-61.0,8.0,610402603.552612,16.187989950180054
2020-05-05 16:16:43.593,F395EC26-DDAA-40BE-2E55-A09A0F83E9FC,TestPhone2,-57.0,8.0,610402603.592062,16.227439999580383
2020-05-05 16:16:43.594,F395EC26-DDAA-40BE-2E55-A09A0F83E9FC,TestPhone2,-57.0,8.0,610402603.592098,16.227476000785828
2020-05-05 16:16:43.665,F395EC26-DDAA-40BE-2E55-A09A0F83E9FC,TestPhone2,-62.0,8.0,610402603.663952,16.29932999610901
2020-05-05 16:16:43.696,F395EC26-DDAA-40BE-2E55-A09A0F83E9FC,TestPhone2,-57.0,8.0,610402603.694993,16.330371022224426
2020-05-05 16:16:43.697,F395EC26-DDAA-40BE-2E55-A09A0F83E9FC,TestPhone2,-57.0,8.0,610402603.695026,16.330404043197632
2020-05-05 16:16:43.765,F395EC26-DDAA-40BE-2E55-A09A0F83E9FC,TestPhone2,-62.0,8.0,610402603.763857,16.399235010147095
2020-05-05 16:16:43.804,F395EC26-DDAA-40BE-2E55-A09A0F83E9FC,TestPhone2,-57.0,8.0,610402603.802428,16.437806010246277
2020-05-05 16:16:43.804,F395EC26-DDAA-40BE-2E55-A09A0F83E9FC,TestPhone2,-57.0,8.0,610402603.802462,16.4378399848938
2020-05-05 16:16:43.842,F395EC26-DDAA-40BE-2E55-A09A0F83E9FC,TestPhone2,-67.0,8.0,610402603.840807,16.476184964179993
2020-05-05 16:16:43.843,F395EC26-DDAA-40BE-2E55-A09A0F83E9FC,TestPhone2,-67.0,8.0,610402603.840845,16.47622299194336
2020-05-05 16:16:43.989,F395EC26-DDAA-40BE-2E55-A09A0F83E9FC,TestPhone2,-67.0,8.0,610402603.988417,16.62379503250122
2020-05-05 16:16:43.990,F395EC26-DDAA-40BE-2E55-A09A0F83E9FC,TestPhone2,-67.0,8.0,610402603.988454,16.62383198738098
2020-05-05 16:16:44.058,F395EC26-DDAA-40BE-2E55-A09A0F83E9FC,TestPhone2,-56.0,8.0,610402604.056712,16.692090034484863
2020-05-05 16:16:44.093,F395EC26-DDAA-40BE-2E55-A09A0F83E9FC,TestPhone2,-66.0,8.0,610402604.092035,16.727413058280945
2020-05-05 16:16:44.094,F395EC26-DDAA-40BE-2E55-A09A0F83E9FC,TestPhone2,-66.0,8.0,610402604.092069,16.727447032928467
2020-05-05 16:16:44.127,F395EC26-DDAA-40BE-2E55-A09A0F83E9FC,TestPhone2,-62.0,8.0,610402604.12557,16.760948061943054
2020-05-05 16:16:44.349,F395EC26-DDAA-40BE-2E55-A09A0F83E9FC,TestPhone2,-64.0,8.0,610402604.348085,16.983463048934937
2020-05-05 16:16:44.350,F395EC26-DDAA-40BE-2E55-A09A0F83E9FC,TestPhone2,-64.0,8.0,610402604.348117,16.983494997024536
2020-05-05 16:16:44.410,F395EC26-DDAA-40BE-2E55-A09A0F83E9FC,TestPhone2,-56.0,8.0,610402604.409219,17.044597029685974
2020-05-05 16:16:44.411,F395EC26-DDAA-40BE-2E55-A09A0F83E9FC,TestPhone2,-56.0,8.0,610402604.409255,17.04463303089142
2020-05-05 16:16:44.554,F395EC26-DDAA-40BE-2E55-A09A0F83E9FC,TestPhone2,-55.0,8.0,610402604.552235,17.187613010406494
2020-05-05 16:16:44.555,F395EC26-DDAA-40BE-2E55-A09A0F83E9FC,TestPhone2,-55.0,8.0,610402604.55227,17.187648057937622
2020-05-05 16:16:44.593,F395EC26-DDAA-40BE-2E55-A09A0F83E9FC,TestPhone2,-65.0,8.0,610402604.592011,17.227388978004456
2020-05-05 16:16:44.594,F395EC26-DDAA-40BE-2E55-A09A0F83E9FC,TestPhone2,-65.0,8.0,610402604.59204,17.227417945861816
2020-05-05 16:16:44.664,F395EC26-DDAA-40BE-2E55-A09A0F83E9FC,TestPhone2,-55.0,8.0,610402604.662946,17.29832398891449
2020-05-05 16:16:44.665,F395EC26-DDAA-40BE-2E55-A09A0F83E9FC,TestPhone2,-55.0,8.0,610402604.662979,17.298357009887695
2020-05-05 16:16:44.700,F395EC26-DDAA-40BE-2E55-A09A0F83E9FC,TestPhone2,-66.0,8.0,610402604.699133,17.334511041641235
2020-05-05 16:16:44.701,F395EC26-DDAA-40BE-2E55-A09A0F83E9FC,TestPhone2,-66.0,8.0,610402604.699167,17.334545016288757
2020-05-05 16:16:44.739,F395EC26-DDAA-40BE-2E55-A09A0F83E9FC,TestPhone2,-60.0,8.0,610402604.73765,17.37302803993225
2020-05-05 16:16:44.739,F395EC26-DDAA-40BE-2E55-A09A0F83E9FC,TestPhone2,-60.0,8.0,610402604.737683,17.373061060905457
2020-05-05 16:16:44.770,F395EC26-DDAA-40BE-2E55-A09A0F83E9FC,TestPhone2,-55.0,8.0,610402604.769264,17.40464198589325
2020-05-05 16:16:44.771,F395EC26-DDAA-40BE-2E55-A09A0F83E9FC,TestPhone2,-55.0,8.0,610402604.769298,17.40467596054077
2020-05-05 16:16:44.874,F395EC26-DDAA-40BE-2E55-A09A0F83E9FC,TestPhone2,-60.0,8.0,610402604.872677,17.508054971694946
2020-05-05 16:16:44.874,F395EC26-DDAA-40BE-2E55-A09A0F83E9FC,TestPhone2,-60.0,8.0,610402604.872713,17.50809097290039
2020-05-05 16:16:44.906,F395EC26-DDAA-40BE-2E55-A09A0F83E9FC,TestPhone2,-55.0,8.0,610402604.905438,17.540815949440002
2020-05-05 16:16:44.907,F395EC26-DDAA-40BE-2E55-A09A0F83E9FC,TestPhone2,-55.0,8.0,610402604.905477,17.540855050086975
2020-05-05 16:16:44.948,F395EC26-DDAA-40BE-2E55-A09A0F83E9FC,TestPhone2,-66.0,8.0,610402604.946675,17.5820529460907
2020-05-05 16:16:44.949,F395EC26-DDAA-40BE-2E55-A09A0F83E9FC,TestPhone2,-66.0,8.0,610402604.946708,17.582085967063904
2020-05-05 16:16:44.984,F395EC26-DDAA-40BE-2E55-A09A0F83E9FC,TestPhone2,-61.0,8.0,610402604.982623,17.618000984191895
2020-05-05 16:16:44.984,F395EC26-DDAA-40BE-2E55-A09A0F83E9FC,TestPhone2,-61.0,8.0,610402604.982659,17.61803698539734
2020-05-05 16:16:45.023,F395EC26-DDAA-40BE-2E55-A09A0F83E9FC,TestPhone2,-55.0,8.0,610402605.021569,17.656947016716003
2020-05-05 16:16:45.023,F395EC26-DDAA-40BE-2E55-A09A0F83E9FC,TestPhone2,-55.0,8.0,610402605.021605,17.656983017921448
2020-05-05 16:16:45.171,F395EC26-DDAA-40BE-2E55-A09A0F83E9FC,TestPhone2,-66.0,8.0,610402605.170409,17.805786967277527
2020-05-05 16:16:45.172,F395EC26-DDAA-40BE-2E55-A09A0F83E9FC,TestPhone2,-66.0,8.0,610402605.170447,17.805824995040894
2020-05-05 16:16:45.340,F395EC26-DDAA-40BE-2E55-A09A0F83E9FC,TestPhone2,-60.0,8.0,610402605.336958,17.972336053848267
2020-05-05 16:16:45.340,F395EC26-DDAA-40BE-2E55-A09A0F83E9FC,TestPhone2,-60.0,8.0,610402605.338875,17.974253058433533
2020-05-05 16:16:45.379,F395EC26-DDAA-40BE-2E55-A09A0F83E9FC,TestPhone2,-56.0,8.0,610402605.377452,18.012830018997192
2020-05-05 16:16:45.379,F395EC26-DDAA-40BE-2E55-A09A0F83E9FC,TestPhone2,-56.0,8.0,610402605.377501,18.012879014015198
2020-05-05 16:16:45.414,F395EC26-DDAA-40BE-2E55-A09A0F83E9FC,TestPhone2,-66.0,8.0,610402605.413097,18.04847502708435
2020-05-05 16:16:45.415,F395EC26-DDAA-40BE-2E55-A09A0F83E9FC,TestPhone2,-66.0,8.0,610402605.413135,18.048513054847717
2020-05-05 16:16:45.447,F395EC26-DDAA-40BE-2E55-A09A0F83E9FC,TestPhone2,-60.0,8.0,610402605.446041,18.081418991088867
2020-05-05 16:16:45.448,F395EC26-DDAA-40BE-2E55-A09A0F83E9FC,TestPhone2,-61.0,8.0,610402605.446077,18.08145499229431
2020-05-05 16:16:45.485,F395EC26-DDAA-40BE-2E55-A09A0F83E9FC,TestPhone2,-56.0,8.0,610402605.484248,18.11962604522705
2020-05-05 16:16:45.486,F395EC26-DDAA-40BE-2E55-A09A0F83E9FC,TestPhone2,-56.0,8.0,610402605.48428,18.11965799331665
2020-05-05 16:16:45.521,F395EC26-DDAA-40BE-2E55-A09A0F83E9FC,TestPhone2,-65.0,8.0,610402605.520341,18.15571904182434
2020-05-05 16:16:45.522,F395EC26-DDAA-40BE-2E55-A09A0F83E9FC,TestPhone2,-66.0,8.0,610402605.520377,18.155755043029785
2020-05-05 16:16:45.551,F395EC26-DDAA-40BE-2E55-A09A0F83E9FC,TestPhone2,-65.0,8.0,610402605.550358,18.185736060142517
2020-05-05 16:16:45.552,F395EC26-DDAA-40BE-2E55-A09A0F83E9FC,TestPhone2,-66.0,8.0,610402605.550391,18.185768961906433
2020-05-05 16:16:45.580,F395EC26-DDAA-40BE-2E55-A09A0F83E9FC,TestPhone2,-60.0,8.0,610402605.579004,18.21438205242157
2020-05-05 16:16:45.581,F395EC26-DDAA-40BE-2E55-A09A0F83E9FC,TestPhone2,-61.0,8.0,610402605.579041,18.21441900730133
2020-05-05 16:16:45.613,F395EC26-DDAA-40BE-2E55-A09A0F83E9FC,TestPhone2,-56.0,8.0,610402605.612168,18.247545957565308
2020-05-05 16:16:45.614,F395EC26-DDAA-40BE-2E55-A09A0F83E9FC,TestPhone2,-56.0,8.0,610402605.612201,18.247578978538513
2020-05-05 16:16:45.645,F395EC26-DDAA-40BE-2E55-A09A0F83E9FC,TestPhone2,-65.0,8.0,610402605.64416,18.27953803539276
2020-05-05 16:16:45.646,F395EC26-DDAA-40BE-2E55-A09A0F83E9FC,TestPhone2,-65.0,8.0,610402605.644203,18.279580950737
2020-05-05 16:16:45.712,F395EC26-DDAA-40BE-2E55-A09A0F83E9FC,TestPhone2,-61.0,8.0,610402605.711383,18.346760988235474
2020-05-05 16:16:45.713,F395EC26-DDAA-40BE-2E55-A09A0F83E9FC,TestPhone2,-61.0,8.0,610402605.711417,18.346794962882996
2020-05-05 16:16:45.784,F395EC26-DDAA-40BE-2E55-A09A0F83E9FC,TestPhone2,-65.0,8.0,610402605.78337,18.418748021125793
2020-05-05 16:16:45.785,F395EC26-DDAA-40BE-2E55-A09A0F83E9FC,TestPhone2,-65.0,8.0,610402605.783405,18.418782949447632
2020-05-05 16:16:45.813,F395EC26-DDAA-40BE-2E55-A09A0F83E9FC,TestPhone2,-60.0,8.0,610402605.811965,18.44734299182892
2020-05-05 16:16:45.814,F395EC26-DDAA-40BE-2E55-A09A0F83E9FC,TestPhone2,-61.0,8.0,610402605.811999,18.44737696647644
2020-05-05 16:16:45.848,F395EC26-DDAA-40BE-2E55-A09A0F83E9FC,TestPhone2,-56.0,8.0,610402605.846432,18.481809973716736
2020-05-05 16:16:45.849,F395EC26-DDAA-40BE-2E55-A09A0F83E9FC,TestPhone2,-56.0,8.0,610402605.848194,18.483572006225586
2020-05-05 16:16:45.886,F395EC26-DDAA-40BE-2E55-A09A0F83E9FC,TestPhone2,-65.0,8.0,610402605.885428,18.520805954933167
2020-05-05 16:16:45.887,F395EC26-DDAA-40BE-2E55-A09A0F83E9FC,TestPhone2,-65.0,8.0,610402605.885461,18.520838975906372
2020-05-05 16:16:45.923,F395EC26-DDAA-40BE-2E55-A09A0F83E9FC,TestPhone2,-61.0,8.0,610402605.920759,18.556136965751648
2020-05-05 16:16:45.923,F395EC26-DDAA-40BE-2E55-A09A0F83E9FC,TestPhone2,-61.0,8.0,610402605.922528,18.55790603160858
2020-05-05 16:16:46.103,F395EC26-DDAA-40BE-2E55-A09A0F83E9FC,TestPhone2,-56.0,8.0,610402606.102318,18.737696051597595
2020-05-05 16:16:46.104,F395EC26-DDAA-40BE-2E55-A09A0F83E9FC,TestPhone2,-56.0,8.0,610402606.102353,18.737730979919434
2020-05-05 16:16:46.142,F395EC26-DDAA-40BE-2E55-A09A0F83E9FC,TestPhone2,-66.0,8.0,610402606.140452,18.775830030441284
2020-05-05 16:16:46.142,F395EC26-DDAA-40BE-2E55-A09A0F83E9FC,TestPhone2,-66.0,8.0,610402606.140484,18.775861978530884
2020-05-05 16:16:46.174,F395EC26-DDAA-40BE-2E55-A09A0F83E9FC,TestPhone2,-62.0,8.0,610402606.173032,18.808410048484802
2020-05-05 16:16:46.175,F395EC26-DDAA-40BE-2E55-A09A0F83E9FC,TestPhone2,-62.0,8.0,610402606.173068,18.808446049690247
2020-05-05 16:16:46.204,F395EC26-DDAA-40BE-2E55-A09A0F83E9FC,TestPhone2,-56.0,8.0,610402606.203347,18.838724970817566
2020-05-05 16:16:46.205,F395EC26-DDAA-40BE-2E55-A09A0F83E9FC,TestPhone2,-56.0,8.0,610402606.203383,18.83876097202301
2020-05-05 16:16:46.242,F395EC26-DDAA-40BE-2E55-A09A0F83E9FC,TestPhone2,-72.0,8.0,610402606.240666,18.876044034957886
2020-05-05 16:16:46.243,F395EC26-DDAA-40BE-2E55-A09A0F83E9FC,TestPhone2,-72.0,8.0,610402606.240709,18.876086950302124
2020-05-05 16:16:46.382,F395EC26-DDAA-40BE-2E55-A09A0F83E9FC,TestPhone2,-64.0,8.0,610402606.38094,19.01631796360016
2020-05-05 16:16:46.384,F395EC26-DDAA-40BE-2E55-A09A0F83E9FC,TestPhone2,-64.0,8.0,610402606.382865,19.018242955207825
2020-05-05 16:16:46.452,F395EC26-DDAA-40BE-2E55-A09A0F83E9FC,TestPhone2,-57.0,8.0,610402606.450878,19.08625602722168
2020-05-05 16:16:46.453,F395EC26-DDAA-40BE-2E55-A09A0F83E9FC,TestPhone2,-57.0,8.0,610402606.450912,19.0862900018692
2020-05-05 16:16:46.491,F395EC26-DDAA-40BE-2E55-A09A0F83E9FC,TestPhone2,-64.0,8.0,610402606.490114,19.125491976737976
2020-05-05 16:16:46.492,F395EC26-DDAA-40BE-2E55-A09A0F83E9FC,TestPhone2,-64.0,8.0,610402606.490146,19.125524044036865
2020-05-05 16:16:46.663,F395EC26-DDAA-40BE-2E55-A09A0F83E9FC,TestPhone2,-63.0,8.0,610402606.661769,19.297147035598755
2020-05-05 16:16:46.664,F395EC26-DDAA-40BE-2E55-A09A0F83E9FC,TestPhone2,-63.0,8.0,610402606.661805,19.2971830368042
2020-05-05 16:16:46.727,F395EC26-DDAA-40BE-2E55-A09A0F83E9FC,TestPhone2,-63.0,8.0,610402606.726225,19.361603021621704
2020-05-05 16:16:46.728,F395EC26-DDAA-40BE-2E55-A09A0F83E9FC,TestPhone2,-64.0,8.0,610402606.72626,19.361637949943542
2020-05-05 16:16:46.788,F395EC26-DDAA-40BE-2E55-A09A0F83E9FC,TestPhone2,-64.0,8.0,610402606.787515,19.422893047332764
2020-05-05 16:16:46.789,F395EC26-DDAA-40BE-2E55-A09A0F83E9FC,TestPhone2,-64.0,8.0,610402606.787549,19.422927021980286
2020-05-05 16:16:46.821,F395EC26-DDAA-40BE-2E55-A09A0F83E9FC,TestPhone2,-57.0,8.0,610402606.819412,19.454789996147156
2020-05-05 16:16:46.821,F395EC26-DDAA-40BE-2E55-A09A0F83E9FC,TestPhone2,-57.0,8.0,610402606.819448,19.4548259973526
2020-05-05 16:16:46.852,F395EC26-DDAA-40BE-2E55-A09A0F83E9FC,TestPhone2,-63.0,8.0,610402606.850828,19.4862060546875
2020-05-05 16:16:46.854,F395EC26-DDAA-40BE-2E55-A09A0F83E9FC,TestPhone2,-63.0,8.0,610402606.852885,19.4882630109787
2020-05-05 16:16:46.891,F395EC26-DDAA-40BE-2E55-A09A0F83E9FC,TestPhone2,-64.0,8.0,610402606.890141,19.525519013404846
2020-05-05 16:16:46.892,F395EC26-DDAA-40BE-2E55-A09A0F83E9FC,TestPhone2,-65.0,8.0,610402606.890176,19.525554060935974
2020-05-05 16:16:46.925,F395EC26-DDAA-40BE-2E55-A09A0F83E9FC,TestPhone2,-57.0,8.0,610402606.924279,19.559656977653503
2020-05-05 16:16:46.926,F395EC26-DDAA-40BE-2E55-A09A0F83E9FC,TestPhone2,-57.0,8.0,610402606.924335,19.559713006019592
2020-05-05 16:16:46.963,F395EC26-DDAA-40BE-2E55-A09A0F83E9FC,TestPhone2,-62.0,8.0,610402606.962249,19.59762704372406
2020-05-05 16:16:46.964,F395EC26-DDAA-40BE-2E55-A09A0F83E9FC,TestPhone2,-63.0,8.0,610402606.962281,19.59765899181366
2020-05-05 16:16:46.995,F395EC26-DDAA-40BE-2E55-A09A0F83E9FC,TestPhone2,-62.0,8.0,610402606.99367,19.629047989845276
2020-05-05 16:16:46.995,F395EC26-DDAA-40BE-2E55-A09A0F83E9FC,TestPhone2,-62.0,8.0,610402606.993706,19.62908399105072
2020-05-05 16:16:47.031,F395EC26-DDAA-40BE-2E55-A09A0F83E9FC,TestPhone2,-64.0,8.0,610402607.029458,19.664836049079895
2020-05-05 16:16:47.032,F395EC26-DDAA-40BE-2E55-A09A0F83E9FC,TestPhone2,-64.0,8.0,610402607.031113,19.66649103164673
2020-05-05 16:16:47.070,F395EC26-DDAA-40BE-2E55-A09A0F83E9FC,TestPhone2,-57.0,8.0,610402607.068777,19.70415496826172
2020-05-05 16:16:47.071,F395EC26-DDAA-40BE-2E55-A09A0F83E9FC,TestPhone2,-57.0,8.0,610402607.068812,19.704190015792847
2020-05-05 16:16:47.103,F395EC26-DDAA-40BE-2E55-A09A0F83E9FC,TestPhone2,-62.0,8.0,610402607.101958,19.737336039543152
2020-05-05 16:16:47.104,F395EC26-DDAA-40BE-2E55-A09A0F83E9FC,TestPhone2,-62.0,8.0,610402607.101991,19.737369060516357
2020-05-05 16:16:47.131,F395EC26-DDAA-40BE-2E55-A09A0F83E9FC,TestPhone2,-65.0,8.0,610402607.130171,19.765548944473267
2020-05-05 16:16:47.132,F395EC26-DDAA-40BE-2E55-A09A0F83E9FC,TestPhone2,-65.0,8.0,610402607.130207,19.76558494567871
2020-05-05 16:16:47.344,F395EC26-DDAA-40BE-2E55-A09A0F83E9FC,TestPhone2,-62.0,8.0,610402607.343391,19.978768944740295
2020-05-05 16:16:47.345,F395EC26-DDAA-40BE-2E55-A09A0F83E9FC,TestPhone2,-62.0,8.0,610402607.343425,19.978803038597107
2020-05-05 16:16:47.381,F395EC26-DDAA-40BE-2E55-A09A0F83E9FC,TestPhone2,-65.0,8.0,610402607.380144,20.015522003173828
2020-05-05 16:16:47.382,F395EC26-DDAA-40BE-2E55-A09A0F83E9FC,TestPhone2,-65.0,8.0,610402607.380177,20.015555024147034
2020-05-05 16:16:47.421,F395EC26-DDAA-40BE-2E55-A09A0F83E9FC,TestPhone2,-58.0,8.0,610402607.41964,20.055017948150635
2020-05-05 16:16:47.422,F395EC26-DDAA-40BE-2E55-A09A0F83E9FC,TestPhone2,-58.0,8.0,610402607.419674,20.055052042007446
2020-05-05 16:16:47.483,F395EC26-DDAA-40BE-2E55-A09A0F83E9FC,TestPhone2,-65.0,8.0,610402607.481682,20.11705994606018
2020-05-05 16:16:47.483,F395EC26-DDAA-40BE-2E55-A09A0F83E9FC,TestPhone2,-65.0,8.0,610402607.481717,20.11709499359131
2020-05-05 16:16:47.660,F395EC26-DDAA-40BE-2E55-A09A0F83E9FC,TestPhone2,-59.0,8.0,610402607.658202,20.293580055236816
2020-05-05 16:16:47.660,F395EC26-DDAA-40BE-2E55-A09A0F83E9FC,TestPhone2,-58.0,8.0,610402607.658215,20.293593049049377
2020-05-05 16:16:47.726,F395EC26-DDAA-40BE-2E55-A09A0F83E9FC,TestPhone2,-66.0,8.0,610402607.725194,20.36057198047638
2020-05-05 16:16:47.727,F395EC26-DDAA-40BE-2E55-A09A0F83E9FC,TestPhone2,-67.0,8.0,610402607.725227,20.360605001449585
2020-05-05 16:16:47.766,F395EC26-DDAA-40BE-2E55-A09A0F83E9FC,TestPhone2,-58.0,8.0,610402607.764635,20.400012969970703
2020-05-05 16:16:47.766,F395EC26-DDAA-40BE-2E55-A09A0F83E9FC,TestPhone2,-58.0,8.0,610402607.764668,20.40004599094391
2020-05-05 16:16:47.941,F395EC26-DDAA-40BE-2E55-A09A0F83E9FC,TestPhone2,-63.0,8.0,610402607.939535,20.574913024902344
2020-05-05 16:16:47.941,F395EC26-DDAA-40BE-2E55-A09A0F83E9FC,TestPhone2,-63.0,8.0,610402607.939573,20.57495105266571
2020-05-05 16:16:47.972,F395EC26-DDAA-40BE-2E55-A09A0F83E9FC,TestPhone2,-66.0,8.0,610402607.970067,20.60544502735138
2020-05-05 16:16:47.972,F395EC26-DDAA-40BE-2E55-A09A0F83E9FC,TestPhone2,-66.0,8.0,610402607.97008,20.60545802116394
2020-05-05 16:16:48.008,F395EC26-DDAA-40BE-2E55-A09A0F83E9FC,TestPhone2,-58.0,8.0,610402608.007117,20.642495036125183
2020-05-05 16:16:48.009,F395EC26-DDAA-40BE-2E55-A09A0F83E9FC,TestPhone2,-58.0,8.0,610402608.007153,20.642531037330627
2020-05-05 16:16:48.047,F395EC26-DDAA-40BE-2E55-A09A0F83E9FC,TestPhone2,-62.0,8.0,610402608.045795,20.681172966957092
2020-05-05 16:16:48.048,F395EC26-DDAA-40BE-2E55-A09A0F83E9FC,TestPhone2,-62.0,8.0,610402608.045828,20.681205987930298
2020-05-05 16:16:48.084,F395EC26-DDAA-40BE-2E55-A09A0F83E9FC,TestPhone2,-66.0,8.0,610402608.082737,20.718114972114563
2020-05-05 16:16:48.085,F395EC26-DDAA-40BE-2E55-A09A0F83E9FC,TestPhone2,-66.0,8.0,610402608.08278,20.71815800666809
2020-05-05 16:16:48.124,F395EC26-DDAA-40BE-2E55-A09A0F83E9FC,TestPhone2,-58.0,8.0,610402608.123393,20.758771061897278
2020-05-05 16:16:48.125,F395EC26-DDAA-40BE-2E55-A09A0F83E9FC,TestPhone2,-58.0,8.0,610402608.123426,20.758803963661194
2020-05-05 16:16:48.224,F395EC26-DDAA-40BE-2E55-A09A0F83E9FC,TestPhone2,-65.0,8.0,610402608.222614,20.85799205303192
2020-05-05 16:16:48.224,F395EC26-DDAA-40BE-2E55-A09A0F83E9FC,TestPhone2,-65.0,8.0,610402608.222649,20.85802698135376
2020-05-05 16:16:48.258,F395EC26-DDAA-40BE-2E55-A09A0F83E9FC,TestPhone2,-58.0,8.0,610402608.257161,20.892539024353027
2020-05-05 16:16:48.259,F395EC26-DDAA-40BE-2E55-A09A0F83E9FC,TestPhone2,-58.0,8.0,610402608.257197,20.89257502555847
2020-05-05 16:16:48.290,F395EC26-DDAA-40BE-2E55-A09A0F83E9FC,TestPhone2,-62.0,8.0,610402608.289109,20.924486994743347
2020-05-05 16:16:48.291,F395EC26-DDAA-40BE-2E55-A09A0F83E9FC,TestPhone2,-62.0,8.0,610402608.289145,20.92452299594879
2020-05-05 16:16:48.321,F395EC26-DDAA-40BE-2E55-A09A0F83E9FC,TestPhone2,-64.0,8.0,610402608.320151,20.95552897453308
2020-05-05 16:16:48.322,F395EC26-DDAA-40BE-2E55-A09A0F83E9FC,TestPhone2,-64.0,8.0,610402608.320192,20.955569982528687
2020-05-05 16:16:48.357,F395EC26-DDAA-40BE-2E55-A09A0F83E9FC,TestPhone2,-65.0,8.0,610402608.356107,20.991484999656677
2020-05-05 16:16:48.358,F395EC26-DDAA-40BE-2E55-A09A0F83E9FC,TestPhone2,-65.0,8.0,610402608.35614,20.991518020629883
2020-05-05 16:16:48.430,F395EC26-DDAA-40BE-2E55-A09A0F83E9FC,TestPhone2,-58.0,8.0,610402608.428438,21.06381595134735
2020-05-05 16:16:48.430,F395EC26-DDAA-40BE-2E55-A09A0F83E9FC,TestPhone2,-58.0,8.0,610402608.428477,21.063855051994324
2020-05-05 16:16:48.466,F395EC26-DDAA-40BE-2E55-A09A0F83E9FC,TestPhone2,-62.0,8.0,610402608.464718,21.100095987319946
2020-05-05 16:16:48.466,F395EC26-DDAA-40BE-2E55-A09A0F83E9FC,TestPhone2,-62.0,8.0,610402608.46475,21.100128054618835
2020-05-05 16:16:48.610,F395EC26-DDAA-40BE-2E55-A09A0F83E9FC,TestPhone2,-58.0,8.0,610402608.608889,21.244266986846924
2020-05-05 16:16:48.611,F395EC26-DDAA-40BE-2E55-A09A0F83E9FC,TestPhone2,-58.0,8.0,610402608.608925,21.244302988052368
2020-05-05 16:16:48.709,F395EC26-DDAA-40BE-2E55-A09A0F83E9FC,TestPhone2,-65.0,8.0,610402608.708106,21.343484044075012
2020-05-05 16:16:48.711,F395EC26-DDAA-40BE-2E55-A09A0F83E9FC,TestPhone2,-65.0,8.0,610402608.710048,21.345425963401794
2020-05-05 16:16:48.853,F395EC26-DDAA-40BE-2E55-A09A0F83E9FC,TestPhone2,-63.0,8.0,610402608.849321,21.484699010849
2020-05-05 16:16:48.854,F395EC26-DDAA-40BE-2E55-A09A0F83E9FC,TestPhone2,-63.0,8.0,610402608.849354,21.484732031822205
2020-05-05 16:16:48.963,F395EC26-DDAA-40BE-2E55-A09A0F83E9FC,TestPhone2,-58.0,8.0,610402608.961738,21.597115993499756
2020-05-05 16:16:48.964,F395EC26-DDAA-40BE-2E55-A09A0F83E9FC,TestPhone2,-58.0,8.0,610402608.961771,21.59714901447296
2020-05-05 16:16:49.034,F395EC26-DDAA-40BE-2E55-A09A0F83E9FC,TestPhone2,-63.0,8.0,610402609.032557,21.667935013771057
2020-05-05 16:16:49.034,F395EC26-DDAA-40BE-2E55-A09A0F83E9FC,TestPhone2,-63.0,8.0,610402609.032592,21.667970061302185
2020-05-05 16:16:49.139,F395EC26-DDAA-40BE-2E55-A09A0F83E9FC,TestPhone2,-58.0,8.0,610402609.138391,21.77376902103424
2020-05-05 16:16:49.140,F395EC26-DDAA-40BE-2E55-A09A0F83E9FC,TestPhone2,-58.0,8.0,610402609.138424,21.773802042007446
2020-05-05 16:16:49.207,F395EC26-DDAA-40BE-2E55-A09A0F83E9FC,TestPhone2,-63.0,8.0,610402609.206384,21.84176194667816
2020-05-05 16:16:49.209,F395EC26-DDAA-40BE-2E55-A09A0F83E9FC,TestPhone2,-63.0,8.0,610402609.207999,21.843376994132996
2020-05-05 16:16:49.272,F395EC26-DDAA-40BE-2E55-A09A0F83E9FC,TestPhone2,-64.0,8.0,610402609.27144,21.90681803226471
2020-05-05 16:16:49.273,F395EC26-DDAA-40BE-2E55-A09A0F83E9FC,TestPhone2,-64.0,8.0,610402609.271472,21.90684998035431
2020-05-05 16:16:49.311,F395EC26-DDAA-40BE-2E55-A09A0F83E9FC,TestPhone2,-58.0,8.0,610402609.309408,21.944785952568054
2020-05-05 16:16:49.312,F395EC26-DDAA-40BE-2E55-A09A0F83E9FC,TestPhone2,-58.0,8.0,610402609.310999,21.94637703895569
2020-05-05 16:16:49.456,F395EC26-DDAA-40BE-2E55-A09A0F83E9FC,TestPhone2,-64.0,8.0,610402609.455382,22.090759992599487
2020-05-05 16:16:49.457,F395EC26-DDAA-40BE-2E55-A09A0F83E9FC,TestPhone2,-64.0,8.0,610402609.455415,22.090793013572693
2020-05-05 16:16:49.489,F395EC26-DDAA-40BE-2E55-A09A0F83E9FC,TestPhone2,-57.0,8.0,610402609.487749,22.123126983642578
2020-05-05 16:16:49.490,F395EC26-DDAA-40BE-2E55-A09A0F83E9FC,TestPhone2,-57.0,8.0,610402609.489376,22.124753952026367
2020-05-05 16:16:49.561,F395EC26-DDAA-40BE-2E55-A09A0F83E9FC,TestPhone2,-64.0,8.0,610402609.560409,22.195786952972412
2020-05-05 16:16:49.562,F395EC26-DDAA-40BE-2E55-A09A0F83E9FC,TestPhone2,-64.0,8.0,610402609.560444,22.19582200050354
2020-05-05 16:16:49.805,F395EC26-DDAA-40BE-2E55-A09A0F83E9FC,TestPhone2,-64.0,8.0,610402609.803695,22.439072966575623
2020-05-05 16:16:49.807,F395EC26-DDAA-40BE-2E55-A09A0F83E9FC,TestPhone2,-64.0,8.0,610402609.8061,22.44147801399231
2020-05-05 16:16:49.918,F395EC26-DDAA-40BE-2E55-A09A0F83E9FC,TestPhone2,-64.0,8.0,610402609.9167,22.552078008651733
2020-05-05 16:16:49.919,F395EC26-DDAA-40BE-2E55-A09A0F83E9FC,TestPhone2,-64.0,8.0,610402609.916734,22.552111983299255
2020-05-05 16:16:50.065,F395EC26-DDAA-40BE-2E55-A09A0F83E9FC,TestPhone2,-66.0,8.0,610402610.064183,22.6995609998703
2020-05-05 16:16:50.066,F395EC26-DDAA-40BE-2E55-A09A0F83E9FC,TestPhone2,-66.0,8.0,610402610.064218,22.699596047401428
2020-05-05 16:16:50.102,F395EC26-DDAA-40BE-2E55-A09A0F83E9FC,TestPhone2,-66.0,8.0,610402610.101212,22.736590027809143
2020-05-05 16:16:50.104,F395EC26-DDAA-40BE-2E55-A09A0F83E9FC,TestPhone2,-65.0,8.0,610402610.102911,22.73828899860382
2020-05-05 16:16:50.242,F395EC26-DDAA-40BE-2E55-A09A0F83E9FC,TestPhone2,-65.0,8.0,610402610.240732,22.876109957695007
2020-05-05 16:16:50.243,F395EC26-DDAA-40BE-2E55-A09A0F83E9FC,TestPhone2,-66.0,8.0,610402610.240745,22.87612295150757
2020-05-05 16:16:50.278,F395EC26-DDAA-40BE-2E55-A09A0F83E9FC,TestPhone2,-65.0,8.0,610402610.276921,22.912299036979675
2020-05-05 16:16:50.279,F395EC26-DDAA-40BE-2E55-A09A0F83E9FC,TestPhone2,-65.0,8.0,610402610.278403,22.91378104686737
2020-05-05 16:16:50.351,F395EC26-DDAA-40BE-2E55-A09A0F83E9FC,TestPhone2,-57.0,8.0,610402610.349748,22.98512601852417
2020-05-05 16:16:50.352,F395EC26-DDAA-40BE-2E55-A09A0F83E9FC,TestPhone2,-57.0,8.0,610402610.349786,22.985164046287537
2020-05-05 16:16:50.458,F395EC26-DDAA-40BE-2E55-A09A0F83E9FC,TestPhone2,-64.0,8.0,610402610.457411,23.09278905391693
2020-05-05 16:16:50.460,F395EC26-DDAA-40BE-2E55-A09A0F83E9FC,TestPhone2,-64.0,8.0,610402610.459028,23.094406008720398
2020-05-05 16:16:50.522,F395EC26-DDAA-40BE-2E55-A09A0F83E9FC,TestPhone2,-57.0,8.0,610402610.520783,23.156160950660706
2020-05-05 16:16:50.523,F395EC26-DDAA-40BE-2E55-A09A0F83E9FC,TestPhone2,-57.0,8.0,610402610.522413,23.157791018486023
2020-05-05 16:16:50.659,F395EC26-DDAA-40BE-2E55-A09A0F83E9FC,TestPhone2,-64.0,8.0,610402610.6571,23.29247796535492
2020-05-05 16:16:50.660,F395EC26-DDAA-40BE-2E55-A09A0F83E9FC,TestPhone2,-64.0,8.0,610402610.658592,23.293969988822937
2020-05-05 16:16:50.697,F395EC26-DDAA-40BE-2E55-A09A0F83E9FC,TestPhone2,-57.0,8.0,610402610.695827,23.331205010414124
2020-05-05 16:16:50.698,F395EC26-DDAA-40BE-2E55-A09A0F83E9FC,TestPhone2,-57.0,8.0,610402610.697169,23.332546949386597
2020-05-05 16:16:50.771,F395EC26-DDAA-40BE-2E55-A09A0F83E9FC,TestPhone2,-64.0,8.0,610402610.770448,23.405825972557068
2020-05-05 16:16:50.772,F395EC26-DDAA-40BE-2E55-A09A0F83E9FC,TestPhone2,-64.0,8.0,610402610.770482,23.40585994720459
2020-05-05 16:16:51.057,F395EC26-DDAA-40BE-2E55-A09A0F83E9FC,TestPhone2,-57.0,8.0,610402611.056167,23.691545009613037
2020-05-05 16:16:51.058,F395EC26-DDAA-40BE-2E55-A09A0F83E9FC,TestPhone2,-57.0,8.0,610402611.05621,23.691588044166565
2020-05-05 16:16:51.256,F395EC26-DDAA-40BE-2E55-A09A0F83E9FC,TestPhone2,-57.0,8.0,610402611.255044,23.890421986579895
2020-05-05 16:16:51.257,F395EC26-DDAA-40BE-2E55-A09A0F83E9FC,TestPhone2,-57.0,8.0,610402611.255077,23.8904550075531
2020-05-05 16:16:51.326,F395EC26-DDAA-40BE-2E55-A09A0F83E9FC,TestPhone2,-64.0,8.0,610402611.324751,23.960129022598267
2020-05-05 16:16:51.328,F395EC26-DDAA-40BE-2E55-A09A0F83E9FC,TestPhone2,-64.0,8.0,610402611.326589,23.96196699142456
2020-05-05 16:16:51.360,F395EC26-DDAA-40BE-2E55-A09A0F83E9FC,TestPhone2,-62.0,8.0,610402611.359026,23.994403958320618
2020-05-05 16:16:51.361,F395EC26-DDAA-40BE-2E55-A09A0F83E9FC,TestPhone2,-62.0,8.0,610402611.359083,23.994461059570312
2020-05-05 16:16:51.427,F395EC26-DDAA-40BE-2E55-A09A0F83E9FC,TestPhone2,-58.0,8.0,610402611.426309,24.061686992645264
2020-05-05 16:16:51.430,F395EC26-DDAA-40BE-2E55-A09A0F83E9FC,TestPhone2,-58.0,8.0,610402611.428579,24.06395697593689
2020-05-05 16:16:51.608,F395EC26-DDAA-40BE-2E55-A09A0F83E9FC,TestPhone2,-58.0,8.0,610402611.607258,24.24263596534729
2020-05-05 16:16:51.609,F395EC26-DDAA-40BE-2E55-A09A0F83E9FC,TestPhone2,-58.0,8.0,610402611.607292,24.2426700592041
2020-05-05 16:16:51.678,F395EC26-DDAA-40BE-2E55-A09A0F83E9FC,TestPhone2,-64.0,8.0,610402611.676708,24.31208598613739
2020-05-05 16:16:51.742,F395EC26-DDAA-40BE-2E55-A09A0F83E9FC,TestPhone2,-63.0,8.0,610402611.741501,24.3768789768219
2020-05-05 16:16:51.743,F395EC26-DDAA-40BE-2E55-A09A0F83E9FC,TestPhone2,-63.0,8.0,610402611.741535,24.37691295146942
2020-05-05 16:16:51.850,F395EC26-DDAA-40BE-2E55-A09A0F83E9FC,TestPhone2,-63.0,8.0,610402611.84926,24.48463797569275
2020-05-05 16:16:51.914,F395EC26-DDAA-40BE-2E55-A09A0F83E9FC,TestPhone2,-64.0,8.0,610402611.912783,24.548161029815674
2020-05-05 16:16:51.915,F395EC26-DDAA-40BE-2E55-A09A0F83E9FC,TestPhone2,-64.0,8.0,610402611.912817,24.548195004463196
2020-05-05 16:16:51.988,F395EC26-DDAA-40BE-2E55-A09A0F83E9FC,TestPhone2,-58.0,8.0,610402611.987307,24.622684955596924
2020-05-05 16:16:51.989,F395EC26-DDAA-40BE-2E55-A09A0F83E9FC,TestPhone2,-58.0,8.0,610402611.987343,24.622720956802368
2020-05-05 16:16:52.019,F395EC26-DDAA-40BE-2E55-A09A0F83E9FC,TestPhone2,-64.0,8.0,610402612.017933,24.653311014175415
2020-05-05 16:16:52.155,F395EC26-DDAA-40BE-2E55-A09A0F83E9FC,TestPhone2,-58.0,8.0,610402612.153538,24.788915991783142
2020-05-05 16:16:52.155,F395EC26-DDAA-40BE-2E55-A09A0F83E9FC,TestPhone2,-58.0,8.0,610402612.153574,24.788951992988586
2020-05-05 16:16:52.216,F395EC26-DDAA-40BE-2E55-A09A0F83E9FC,TestPhone2,-67.0,8.0,610402612.215344,24.850721955299377
2020-05-05 16:16:52.460,F395EC26-DDAA-40BE-2E55-A09A0F83E9FC,TestPhone2,-65.0,8.0,610402612.458994,25.094372034072876
2020-05-05 16:16:52.461,F395EC26-DDAA-40BE-2E55-A09A0F83E9FC,TestPhone2,-65.0,8.0,610402612.45903,25.09440803527832
2020-05-05 16:16:52.497,F395EC26-DDAA-40BE-2E55-A09A0F83E9FC,TestPhone2,-58.0,8.0,610402612.496232,25.1316100358963
2020-05-05 16:16:52.500,F395EC26-DDAA-40BE-2E55-A09A0F83E9FC,TestPhone2,-58.0,8.0,610402612.499081,25.134459018707275
2020-05-05 16:16:52.633,F395EC26-DDAA-40BE-2E55-A09A0F83E9FC,TestPhone2,-65.0,8.0,610402612.63151,25.26688802242279
2020-05-05 16:16:52.633,F395EC26-DDAA-40BE-2E55-A09A0F83E9FC,TestPhone2,-65.0,8.0,610402612.631543,25.266921043395996
2020-05-05 16:16:52.741,F395EC26-DDAA-40BE-2E55-A09A0F83E9FC,TestPhone2,-67.0,8.0,610402612.740517,25.375895023345947
2020-05-05 16:16:52.742,F395EC26-DDAA-40BE-2E55-A09A0F83E9FC,TestPhone2,-68.0,8.0,610402612.740551,25.37592899799347
2020-05-05 16:16:52.885,F395EC26-DDAA-40BE-2E55-A09A0F83E9FC,TestPhone2,-58.0,8.0,610402612.883472,25.518849968910217
2020-05-05 16:16:52.885,F395EC26-DDAA-40BE-2E55-A09A0F83E9FC,TestPhone2,-58.0,8.0,610402612.883505,25.518882989883423
2020-05-05 16:16:52.947,F395EC26-DDAA-40BE-2E55-A09A0F83E9FC,TestPhone2,-67.0,8.0,610402612.946474,25.581851959228516
2020-05-05 16:16:52.948,F395EC26-DDAA-40BE-2E55-A09A0F83E9FC,TestPhone2,-66.0,8.0,610402612.946549,25.581927061080933
2020-05-05 16:16:52.983,F395EC26-DDAA-40BE-2E55-A09A0F83E9FC,TestPhone2,-64.0,8.0,610402612.982486,25.6178640127182
2020-05-05 16:16:52.985,F395EC26-DDAA-40BE-2E55-A09A0F83E9FC,TestPhone2,-64.0,8.0,610402612.98411,25.61948800086975
2020-05-05 16:16:53.050,F395EC26-DDAA-40BE-2E55-A09A0F83E9FC,TestPhone2,-58.0,8.0,610402613.048548,25.683925986289978
2020-05-05 16:16:53.050,F395EC26-DDAA-40BE-2E55-A09A0F83E9FC,TestPhone2,-58.0,8.0,610402613.048582,25.6839599609375
2020-05-05 16:16:53.128,F395EC26-DDAA-40BE-2E55-A09A0F83E9FC,TestPhone2,-66.0,8.0,610402613.127142,25.76251995563507
2020-05-05 16:16:53.163,F395EC26-DDAA-40BE-2E55-A09A0F83E9FC,TestPhone2,-64.0,8.0,610402613.161752,25.79712998867035
2020-05-05 16:16:53.164,F395EC26-DDAA-40BE-2E55-A09A0F83E9FC,TestPhone2,-64.0,8.0,610402613.161772,25.797150015830994
2020-05-05 16:16:53.241,F395EC26-DDAA-40BE-2E55-A09A0F83E9FC,TestPhone2,-58.0,8.0,610402613.239943,25.87532103061676
2020-05-05 16:16:53.242,F395EC26-DDAA-40BE-2E55-A09A0F83E9FC,TestPhone2,-58.0,8.0,610402613.239978,25.8753559589386
2020-05-05 16:16:53.426,F395EC26-DDAA-40BE-2E55-A09A0F83E9FC,TestPhone2,-57.0,8.0,610402613.424757,26.060135006904602
2020-05-05 16:16:53.427,F395EC26-DDAA-40BE-2E55-A09A0F83E9FC,TestPhone2,-58.0,8.0,610402613.424794,26.060171961784363
2020-05-05 16:16:53.665,F395EC26-DDAA-40BE-2E55-A09A0F83E9FC,TestPhone2,-65.0,8.0,610402613.664272,26.299649953842163
2020-05-05 16:16:53.666,F395EC26-DDAA-40BE-2E55-A09A0F83E9FC,TestPhone2,-65.0,8.0,610402613.664307,26.29968500137329
2020-05-05 16:16:53.701,F395EC26-DDAA-40BE-2E55-A09A0F83E9FC,TestPhone2,-64.0,8.0,610402613.699889,26.335266947746277
2020-05-05 16:16:53.702,F395EC26-DDAA-40BE-2E55-A09A0F83E9FC,TestPhone2,-64.0,8.0,610402613.701437,26.336814999580383
2020-05-05 16:16:53.774,F395EC26-DDAA-40BE-2E55-A09A0F83E9FC,TestPhone2,-57.0,8.0,610402613.772582,26.407960057258606
2020-05-05 16:16:53.774,F395EC26-DDAA-40BE-2E55-A09A0F83E9FC,TestPhone2,-57.0,8.0,610402613.772614,26.407992005348206
2020-05-05 16:16:53.958,F395EC26-DDAA-40BE-2E55-A09A0F83E9FC,TestPhone2,-57.0,8.0,610402613.957388,26.592766046524048
2020-05-05 16:16:53.959,F395EC26-DDAA-40BE-2E55-A09A0F83E9FC,TestPhone2,-57.0,8.0,610402613.957423,26.592800974845886
2020-05-05 16:16:54.026,F395EC26-DDAA-40BE-2E55-A09A0F83E9FC,TestPhone2,-64.0,8.0,610402614.024785,26.660163044929504
2020-05-05 16:16:54.057,F395EC26-DDAA-40BE-2E55-A09A0F83E9FC,TestPhone2,-64.0,8.0,610402614.05576,26.69113802909851
2020-05-05 16:16:54.058,F395EC26-DDAA-40BE-2E55-A09A0F83E9FC,TestPhone2,-65.0,8.0,610402614.055798,26.691176056861877
2020-05-05 16:16:54.085,F395EC26-DDAA-40BE-2E55-A09A0F83E9FC,TestPhone2,-65.0,8.0,610402614.083288,26.718665957450867
2020-05-05 16:16:54.086,F395EC26-DDAA-40BE-2E55-A09A0F83E9FC,TestPhone2,-65.0,8.0,610402614.085057,26.7204350233078
2020-05-05 16:16:54.424,F395EC26-DDAA-40BE-2E55-A09A0F83E9FC,TestPhone2,-65.0,8.0,610402614.422543,27.057921051979065
2020-05-05 16:16:54.425,F395EC26-DDAA-40BE-2E55-A09A0F83E9FC,TestPhone2,-65.0,8.0,610402614.424187,27.05956494808197
2020-05-05 16:16:54.544,F395EC26-DDAA-40BE-2E55-A09A0F83E9FC,TestPhone2,-64.0,8.0,610402614.542662,27.178040027618408
2020-05-05 16:16:54.545,F395EC26-DDAA-40BE-2E55-A09A0F83E9FC,TestPhone2,-64.0,8.0,610402614.544368,27.17974603176117
2020-05-05 16:16:54.675,F395EC26-DDAA-40BE-2E55-A09A0F83E9FC,TestPhone2,-57.0,8.0,610402614.674393,27.309771060943604
2020-05-05 16:16:54.676,F395EC26-DDAA-40BE-2E55-A09A0F83E9FC,TestPhone2,-57.0,8.0,610402614.674426,27.30980396270752
2020-05-05 16:16:54.742,F395EC26-DDAA-40BE-2E55-A09A0F83E9FC,TestPhone2,-65.0,8.0,610402614.740497,27.375874996185303
2020-05-05 16:16:54.742,F395EC26-DDAA-40BE-2E55-A09A0F83E9FC,TestPhone2,-64.0,8.0,610402614.740535,27.37591302394867
2020-05-05 16:16:54.854,F395EC26-DDAA-40BE-2E55-A09A0F83E9FC,TestPhone2,-56.0,8.0,610402614.852438,27.487815976142883
2020-05-05 16:16:54.855,F395EC26-DDAA-40BE-2E55-A09A0F83E9FC,TestPhone2,-56.0,8.0,610402614.853983,27.48936104774475
2020-05-05 16:16:55.039,F395EC26-DDAA-40BE-2E55-A09A0F83E9FC,TestPhone2,-57.0,8.0,610402615.037382,27.672760009765625
2020-05-05 16:16:55.040,F395EC26-DDAA-40BE-2E55-A09A0F83E9FC,TestPhone2,-57.0,8.0,610402615.037394,27.67277204990387
2020-05-05 16:16:55.146,F395EC26-DDAA-40BE-2E55-A09A0F83E9FC,TestPhone2,-66.0,8.0,610402615.14529,27.780668020248413
2020-05-05 16:16:55.147,F395EC26-DDAA-40BE-2E55-A09A0F83E9FC,TestPhone2,-66.0,8.0,610402615.145325,27.78070294857025
2020-05-05 16:16:55.257,F395EC26-DDAA-40BE-2E55-A09A0F83E9FC,TestPhone2,-66.0,8.0,610402615.255588,27.890966057777405
2020-05-05 16:16:55.258,F395EC26-DDAA-40BE-2E55-A09A0F83E9FC,TestPhone2,-66.0,8.0,610402615.257252,27.892629981040955
2020-05-05 16:16:55.288,F395EC26-DDAA-40BE-2E55-A09A0F83E9FC,TestPhone2,-66.0,8.0,610402615.286049,27.921427011489868
2020-05-05 16:16:55.288,F395EC26-DDAA-40BE-2E55-A09A0F83E9FC,TestPhone2,-66.0,8.0,610402615.286063,27.921440958976746
2020-05-05 16:16:55.324,F395EC26-DDAA-40BE-2E55-A09A0F83E9FC,TestPhone2,-66.0,8.0,610402615.322598,27.95797598361969
2020-05-05 16:16:55.325,F395EC26-DDAA-40BE-2E55-A09A0F83E9FC,TestPhone2,-66.0,8.0,610402615.324169,27.95954704284668
2020-05-05 16:16:55.402,F395EC26-DDAA-40BE-2E55-A09A0F83E9FC,TestPhone2,-57.0,8.0,610402615.4001,28.035477995872498
2020-05-05 16:16:55.402,F395EC26-DDAA-40BE-2E55-A09A0F83E9FC,TestPhone2,-57.0,8.0,610402615.400113,28.03549098968506
2020-05-05 16:16:55.509,F395EC26-DDAA-40BE-2E55-A09A0F83E9FC,TestPhone2,-67.0,8.0,610402615.507843,28.143221020698547
2020-05-05 16:16:55.510,F395EC26-DDAA-40BE-2E55-A09A0F83E9FC,TestPhone2,-67.0,8.0,610402615.507878,28.143255949020386
2020-05-05 16:16:55.582,F395EC26-DDAA-40BE-2E55-A09A0F83E9FC,TestPhone2,-57.0,8.0,610402615.581102,28.216480016708374
2020-05-05 16:16:55.583,F395EC26-DDAA-40BE-2E55-A09A0F83E9FC,TestPhone2,-57.0,8.0,610402615.581143,28.21652102470398
2020-05-05 16:16:55.645,F395EC26-DDAA-40BE-2E55-A09A0F83E9FC,TestPhone2,-70.0,8.0,610402615.644263,28.279641032218933
2020-05-05 16:16:55.646,F395EC26-DDAA-40BE-2E55-A09A0F83E9FC,TestPhone2,-70.0,8.0,610402615.644295,28.279672980308533
2020-05-05 16:16:55.676,F395EC26-DDAA-40BE-2E55-A09A0F83E9FC,TestPhone2,-67.0,8.0,610402615.675038,28.310415983200073
2020-05-05 16:16:55.753,F395EC26-DDAA-40BE-2E55-A09A0F83E9FC,TestPhone2,-58.0,8.0,610402615.752262,28.38763999938965
2020-05-05 16:16:55.754,F395EC26-DDAA-40BE-2E55-A09A0F83E9FC,TestPhone2,-58.0,8.0,610402615.752294,28.387671947479248
2020-05-05 16:16:55.817,F395EC26-DDAA-40BE-2E55-A09A0F83E9FC,TestPhone2,-70.0,8.0,610402615.815671,28.451048970222473
2020-05-05 16:16:55.819,F395EC26-DDAA-40BE-2E55-A09A0F83E9FC,TestPhone2,-70.0,8.0,610402615.817995,28.453372955322266
2020-05-05 16:16:55.886,F395EC26-DDAA-40BE-2E55-A09A0F83E9FC,TestPhone2,-65.0,8.0,610402615.885306,28.520684003829956
2020-05-05 16:16:55.925,F395EC26-DDAA-40BE-2E55-A09A0F83E9FC,TestPhone2,-59.0,8.0,610402615.924235,28.55961298942566
2020-05-05 16:16:55.926,F395EC26-DDAA-40BE-2E55-A09A0F83E9FC,TestPhone2,-59.0,8.0,610402615.92427,28.559648036956787
2020-05-05 16:16:55.998,F395EC26-DDAA-40BE-2E55-A09A0F83E9FC,TestPhone2,-70.0,8.0,610402615.997198,28.63257598876953
2020-05-05 16:16:55.999,F395EC26-DDAA-40BE-2E55-A09A0F83E9FC,TestPhone2,-70.0,8.0,610402615.997234,28.632611989974976
2020-05-05 16:16:56.111,F395EC26-DDAA-40BE-2E55-A09A0F83E9FC,TestPhone2,-60.0,8.0,610402616.110304,28.74568200111389
2020-05-05 16:16:56.113,F395EC26-DDAA-40BE-2E55-A09A0F83E9FC,TestPhone2,-60.0,8.0,610402616.112023,28.747400999069214
2020-05-05 16:16:56.248,F395EC26-DDAA-40BE-2E55-A09A0F83E9FC,TestPhone2,-68.0,8.0,610402616.24749,28.88286805152893
2020-05-05 16:16:56.249,F395EC26-DDAA-40BE-2E55-A09A0F83E9FC,TestPhone2,-69.0,8.0,610402616.247524,28.882902026176453
2020-05-05 16:16:56.355,F395EC26-DDAA-40BE-2E55-A09A0F83E9FC,TestPhone2,-74.0,8.0,610402616.354324,28.989701986312866
2020-05-05 16:16:56.356,F395EC26-DDAA-40BE-2E55-A09A0F83E9FC,TestPhone2,-74.0,8.0,610402616.354359,28.989737033843994
2020-05-05 16:16:56.420,F395EC26-DDAA-40BE-2E55-A09A0F83E9FC,TestPhone2,-66.0,8.0,610402616.418591,29.053969025611877
2020-05-05 16:16:56.421,F395EC26-DDAA-40BE-2E55-A09A0F83E9FC,TestPhone2,-67.0,8.0,610402616.418654,29.05403196811676
2020-05-05 16:16:56.527,F395EC26-DDAA-40BE-2E55-A09A0F83E9FC,TestPhone2,-69.0,8.0,610402616.525691,29.16106903553009
2020-05-05 16:16:56.528,F395EC26-DDAA-40BE-2E55-A09A0F83E9FC,TestPhone2,-70.0,8.0,610402616.527417,29.162794947624207
2020-05-05 16:16:56.594,F395EC26-DDAA-40BE-2E55-A09A0F83E9FC,TestPhone2,-66.0,8.0,610402616.592621,29.227998971939087
2020-05-05 16:16:56.704,F395EC26-DDAA-40BE-2E55-A09A0F83E9FC,TestPhone2,-70.0,8.0,610402616.702617,29.337995052337646
2020-05-05 16:16:56.706,F395EC26-DDAA-40BE-2E55-A09A0F83E9FC,TestPhone2,-70.0,8.0,610402616.70498,29.340358018875122
2020-05-05 16:16:56.880,F395EC26-DDAA-40BE-2E55-A09A0F83E9FC,TestPhone2,-70.0,8.0,610402616.878434,29.513811945915222
2020-05-05 16:16:56.881,F395EC26-DDAA-40BE-2E55-A09A0F83E9FC,TestPhone2,-70.0,8.0,610402616.879884,29.515262007713318
2020-05-05 16:16:56.943,F395EC26-DDAA-40BE-2E55-A09A0F83E9FC,TestPhone2,-66.0,8.0,610402616.941636,29.577013969421387
2020-05-05 16:16:56.944,F395EC26-DDAA-40BE-2E55-A09A0F83E9FC,TestPhone2,-66.0,8.0,610402616.941671,29.577049016952515
2020-05-05 16:16:57.007,F395EC26-DDAA-40BE-2E55-A09A0F83E9FC,TestPhone2,-58.0,8.0,610402617.006067,29.64144504070282
2020-05-05 16:16:57.008,F395EC26-DDAA-40BE-2E55-A09A0F83E9FC,TestPhone2,-58.0,8.0,610402617.006104,29.64148199558258
2020-05-05 16:16:57.134,F395EC26-DDAA-40BE-2E55-A09A0F83E9FC,TestPhone2,-66.0,8.0,610402617.132443,29.767820954322815
2020-05-05 16:16:57.134,F395EC26-DDAA-40BE-2E55-A09A0F83E9FC,TestPhone2,-66.0,8.0,610402617.132476,29.76785397529602
2020-05-05 16:16:57.204,F395EC26-DDAA-40BE-2E55-A09A0F83E9FC,TestPhone2,-59.0,8.0,610402617.202353,29.83773100376129
2020-05-05 16:16:57.204,F395EC26-DDAA-40BE-2E55-A09A0F83E9FC,TestPhone2,-59.0,8.0,610402617.202404,29.83778202533722
2020-05-05 16:16:57.239,F395EC26-DDAA-40BE-2E55-A09A0F83E9FC,TestPhone2,-73.0,8.0,610402617.237835,29.873213052749634
2020-05-05 16:16:57.240,F395EC26-DDAA-40BE-2E55-A09A0F83E9FC,TestPhone2,-73.0,8.0,610402617.238889,29.874266982078552
2020-05-05 16:16:57.317,F395EC26-DDAA-40BE-2E55-A09A0F83E9FC,TestPhone2,-65.0,8.0,610402617.316131,29.95150899887085
2020-05-05 16:16:57.318,F395EC26-DDAA-40BE-2E55-A09A0F83E9FC,TestPhone2,-65.0,8.0,610402617.316169,29.951547026634216
2020-05-05 16:16:57.496,F395EC26-DDAA-40BE-2E55-A09A0F83E9FC,TestPhone2,-63.0,8.0,610402617.49534,30.130717992782593
2020-05-05 16:16:57.497,F395EC26-DDAA-40BE-2E55-A09A0F83E9FC,TestPhone2,-64.0,8.0,610402617.495371,30.130748987197876
2020-05-05 16:16:57.600,F395EC26-DDAA-40BE-2E55-A09A0F83E9FC,TestPhone2,-73.0,8.0,610402617.599051,30.234429001808167
2020-05-05 16:16:57.602,F395EC26-DDAA-40BE-2E55-A09A0F83E9FC,TestPhone2,-73.0,8.0,610402617.600708,30.236086010932922
2020-05-05 16:16:57.675,F395EC26-DDAA-40BE-2E55-A09A0F83E9FC,TestPhone2,-64.0,8.0,610402617.673783,30.309160947799683
2020-05-05 16:16:57.676,F395EC26-DDAA-40BE-2E55-A09A0F83E9FC,TestPhone2,-64.0,8.0,610402617.673823,30.30920100212097
2020-05-05 16:16:57.742,F395EC26-DDAA-40BE-2E55-A09A0F83E9FC,TestPhone2,-57.0,8.0,610402617.741128,30.376505970954895
2020-05-05 16:16:57.743,F395EC26-DDAA-40BE-2E55-A09A0F83E9FC,TestPhone2,-57.0,8.0,610402617.741162,30.376539945602417
2020-05-05 16:16:57.847,F395EC26-DDAA-40BE-2E55-A09A0F83E9FC,TestPhone2,-63.0,8.0,610402617.845995,30.481372952461243
2020-05-05 16:16:57.848,F395EC26-DDAA-40BE-2E55-A09A0F83E9FC,TestPhone2,-63.0,8.0,610402617.84604,30.481418013572693
2020-05-05 16:16:57.918,F395EC26-DDAA-40BE-2E55-A09A0F83E9FC,TestPhone2,-57.0,8.0,610402617.917431,30.55280900001526
2020-05-05 16:16:57.919,F395EC26-DDAA-40BE-2E55-A09A0F83E9FC,TestPhone2,-57.0,8.0,610402617.917467,30.552845001220703
2020-05-05 16:16:58.142,F395EC26-DDAA-40BE-2E55-A09A0F83E9FC,TestPhone2,-70.0,8.0,610402618.141403,30.77678096294403
2020-05-05 16:16:58.144,F395EC26-DDAA-40BE-2E55-A09A0F83E9FC,TestPhone2,-70.0,8.0,610402618.143266,30.77864396572113
